file,line,type,commit,author,date,time,timezone,datetime,depth,length
static/style.css,1,css,4b03b3ff,pxliu,2025-03-05,15:46:50,-05:00,2025-03-05T15:46:50-05:00,0,5
static/style.css,2,css,4b03b3ff,pxliu,2025-03-05,15:46:50,-05:00,2025-03-05T15:46:50-05:00,0,23
static/style.css,3,css,4b03b3ff,pxliu,2025-03-05,15:46:50,-05:00,2025-03-05T15:46:50-05:00,0,0
static/style.css,4,css,4b03b3ff,pxliu,2025-03-05,15:46:50,-05:00,2025-03-05T15:46:50-05:00,0,4
static/style.css,5,css,4b03b3ff,pxliu,2025-03-05,15:46:50,-05:00,2025-03-05T15:46:50-05:00,0,33
static/style.css,6,css,4b03b3ff,pxliu,2025-03-05,15:46:50,-05:00,2025-03-05T15:46:50-05:00,0,18
static/style.css,7,css,4b03b3ff,pxliu,2025-03-05,15:46:50,-05:00,2025-03-05T15:46:50-05:00,0,0
static/style.css,8,css,4b03b3ff,pxliu,2025-03-05,15:46:50,-05:00,2025-03-05T15:46:50-05:00,0,0
static/style.css,9,css,4b03b3ff,pxliu,2025-03-05,15:46:50,-05:00,2025-03-05T15:46:50-05:00,0,5
static/style.css,10,css,4b03b3ff,pxliu,2025-03-05,15:46:50,-05:00,2025-03-05T15:46:50-05:00,0,44
static/style.css,11,css,4b03b3ff,pxliu,2025-03-05,15:46:50,-05:00,2025-03-05T15:46:50-05:00,0,43
static/style.css,12,css,4b03b3ff,pxliu,2025-03-05,15:46:50,-05:00,2025-03-05T15:46:50-05:00,0,1
static/style.css,13,css,4b03b3ff,pxliu,2025-03-05,15:46:50,-05:00,2025-03-05T15:46:50-05:00,0,24
static/style.css,14,css,4b03b3ff,pxliu,2025-03-05,15:46:50,-05:00,2025-03-05T15:46:50-05:00,0,16
static/style.css,15,css,4b03b3ff,pxliu,2025-03-05,15:46:50,-05:00,2025-03-05T15:46:50-05:00,0,19
static/style.css,16,css,4b03b3ff,pxliu,2025-03-05,15:46:50,-05:00,2025-03-05T15:46:50-05:00,0,13
static/style.css,17,css,4b03b3ff,pxliu,2025-03-05,15:46:50,-05:00,2025-03-05T15:46:50-05:00,0,0
static/style.css,18,css,4b03b3ff,pxliu,2025-03-05,15:46:50,-05:00,2025-03-05T15:46:50-05:00,0,0
static/style.css,19,css,4b03b3ff,pxliu,2025-03-05,15:46:50,-05:00,2025-03-05T15:46:50-05:00,0,0
static/style.css,20,css,dab68422,pxliu,2025-03-12,12:51:58,-04:00,2025-03-12T12:51:58-04:00,0,0
static/style.css,21,css,4b03b3ff,pxliu,2025-03-05,15:46:50,-05:00,2025-03-05T15:46:50-05:00,0,0
static/style.css,22,css,4b03b3ff,pxliu,2025-03-05,15:46:50,-05:00,2025-03-05T15:46:50-05:00,0,0
static/style.css,23,css,4b03b3ff,pxliu,2025-03-05,15:46:50,-05:00,2025-03-05T15:46:50-05:00,0,4
static/style.css,24,css,4b03b3ff,pxliu,2025-03-05,15:46:50,-05:00,2025-03-05T15:46:50-05:00,0,12
static/style.css,25,css,4b03b3ff,pxliu,2025-03-05,15:46:50,-05:00,2025-03-05T15:46:50-05:00,0,13
static/style.css,26,css,4b03b3ff,pxliu,2025-03-05,15:46:50,-05:00,2025-03-05T15:46:50-05:00,0,31
static/style.css,27,css,4b03b3ff,pxliu,2025-03-05,15:46:50,-05:00,2025-03-05T15:46:50-05:00,0,0
static/style.css,28,css,4b03b3ff,pxliu,2025-03-05,15:46:50,-05:00,2025-03-05T15:46:50-05:00,0,5
static/style.css,29,css,4b03b3ff,pxliu,2025-03-05,15:46:50,-05:00,2025-03-05T15:46:50-05:00,0,13
static/style.css,30,css,4b03b3ff,pxliu,2025-03-05,15:46:50,-05:00,2025-03-05T15:46:50-05:00,0,30
static/style.css,31,css,4b03b3ff,pxliu,2025-03-05,15:46:50,-05:00,2025-03-05T15:46:50-05:00,0,17
static/style.css,32,css,4b03b3ff,pxliu,2025-03-05,15:46:50,-05:00,2025-03-05T15:46:50-05:00,0,8
static/style.css,33,css,4b03b3ff,pxliu,2025-03-05,15:46:50,-05:00,2025-03-05T15:46:50-05:00,0,12
static/style.css,34,css,4b03b3ff,pxliu,2025-03-05,15:46:50,-05:00,2025-03-05T15:46:50-05:00,0,0
static/style.css,35,css,4b03b3ff,pxliu,2025-03-05,15:46:50,-05:00,2025-03-05T15:46:50-05:00,0,0
static/style.css,36,css,4b03b3ff,pxliu,2025-03-05,15:46:50,-05:00,2025-03-05T15:46:50-05:00,0,0
static/style.css,37,css,4b03b3ff,pxliu,2025-03-05,15:46:50,-05:00,2025-03-05T15:46:50-05:00,0,0
static/style.css,38,css,4b03b3ff,pxliu,2025-03-05,15:46:50,-05:00,2025-03-05T15:46:50-05:00,0,5
static/style.css,39,css,4b03b3ff,pxliu,2025-03-05,15:46:50,-05:00,2025-03-05T15:46:50-05:00,0,12
static/style.css,40,css,4b03b3ff,pxliu,2025-03-05,15:46:50,-05:00,2025-03-05T15:46:50-05:00,0,0
static/style.css,41,css,4b03b3ff,pxliu,2025-03-05,15:46:50,-05:00,2025-03-05T15:46:50-05:00,0,0
static/style.css,42,css,4b03b3ff,pxliu,2025-03-05,15:46:50,-05:00,2025-03-05T15:46:50-05:00,0,8
static/style.css,43,css,4b03b3ff,pxliu,2025-03-05,15:46:50,-05:00,2025-03-05T15:46:50-05:00,0,12
static/style.css,44,css,4b03b3ff,pxliu,2025-03-05,15:46:50,-05:00,2025-03-05T15:46:50-05:00,0,0
static/style.css,45,css,4b03b3ff,pxliu,2025-03-05,15:46:50,-05:00,2025-03-05T15:46:50-05:00,0,0
static/style.css,46,css,4b03b3ff,pxliu,2025-03-05,15:46:50,-05:00,2025-03-05T15:46:50-05:00,0,6
static/style.css,47,css,4b03b3ff,pxliu,2025-03-05,15:46:50,-05:00,2025-03-05T15:46:50-05:00,0,12
static/style.css,48,css,4b03b3ff,pxliu,2025-03-05,15:46:50,-05:00,2025-03-05T15:46:50-05:00,0,18
static/style.css,49,css,4b03b3ff,pxliu,2025-03-05,15:46:50,-05:00,2025-03-05T15:46:50-05:00,0,12
static/style.css,50,css,4b03b3ff,pxliu,2025-03-05,15:46:50,-05:00,2025-03-05T15:46:50-05:00,0,0
static/style.css,51,css,4b03b3ff,pxliu,2025-03-05,15:46:50,-05:00,2025-03-05T15:46:50-05:00,0,0
static/style.css,52,css,4b03b3ff,pxliu,2025-03-05,15:46:50,-05:00,2025-03-05T15:46:50-05:00,0,3
static/style.css,53,css,4b03b3ff,pxliu,2025-03-05,15:46:50,-05:00,2025-03-05T15:46:50-05:00,0,15
static/style.css,54,css,4b03b3ff,pxliu,2025-03-05,15:46:50,-05:00,2025-03-05T15:46:50-05:00,0,0
static/style.css,55,css,4b03b3ff,pxliu,2025-03-05,15:46:50,-05:00,2025-03-05T15:46:50-05:00,0,0
static/style.css,56,css,4b03b3ff,pxliu,2025-03-05,15:46:50,-05:00,2025-03-05T15:46:50-05:00,0,9
static/style.css,57,css,4b03b3ff,pxliu,2025-03-05,15:46:50,-05:00,2025-03-05T15:46:50-05:00,0,13
static/style.css,58,css,4b03b3ff,pxliu,2025-03-05,15:46:50,-05:00,2025-03-05T15:46:50-05:00,0,59
static/style.css,59,css,4b03b3ff,pxliu,2025-03-05,15:46:50,-05:00,2025-03-05T15:46:50-05:00,0,8
static/style.css,60,css,4b03b3ff,pxliu,2025-03-05,15:46:50,-05:00,2025-03-05T15:46:50-05:00,0,0
static/style.css,61,css,46c83f9a,pxliu,2025-03-05,18:38:13,-05:00,2025-03-05T18:38:13-05:00,0,10
static/style.css,62,css,4b03b3ff,pxliu,2025-03-05,15:46:50,-05:00,2025-03-05T15:46:50-05:00,0,13
static/style.css,63,css,4b03b3ff,pxliu,2025-03-05,15:46:50,-05:00,2025-03-05T15:46:50-05:00,0,27
static/style.css,64,css,4b03b3ff,pxliu,2025-03-05,15:46:50,-05:00,2025-03-05T15:46:50-05:00,0,16
static/style.css,65,css,4b03b3ff,pxliu,2025-03-05,15:46:50,-05:00,2025-03-05T15:46:50-05:00,0,0
static/style.css,66,css,4b03b3ff,pxliu,2025-03-05,15:46:50,-05:00,2025-03-05T15:46:50-05:00,0,0
static/style.css,67,css,4b03b3ff,pxliu,2025-03-05,15:46:50,-05:00,2025-03-05T15:46:50-05:00,0,2
static/style.css,68,css,4b03b3ff,pxliu,2025-03-05,15:46:50,-05:00,2025-03-05T15:46:50-05:00,0,9
static/style.css,69,css,46c83f9a,pxliu,2025-03-05,18:38:13,-05:00,2025-03-05T18:38:13-05:00,0,3
static/style.css,70,css,4b03b3ff,pxliu,2025-03-05,15:46:50,-05:00,2025-03-05T15:46:50-05:00,0,0
static/style.css,71,css,4b03b3ff,pxliu,2025-03-05,15:46:50,-05:00,2025-03-05T15:46:50-05:00,0,0
static/style.css,72,css,4b03b3ff,pxliu,2025-03-05,15:46:50,-05:00,2025-03-05T15:46:50-05:00,0,2
static/style.css,73,css,4b03b3ff,pxliu,2025-03-05,15:46:50,-05:00,2025-03-05T15:46:50-05:00,0,14
static/style.css,74,css,4b03b3ff,pxliu,2025-03-05,15:46:50,-05:00,2025-03-05T15:46:50-05:00,0,16
static/style.css,75,css,4b03b3ff,pxliu,2025-03-05,15:46:50,-05:00,2025-03-05T15:46:50-05:00,0,18
static/style.css,76,css,4b03b3ff,pxliu,2025-03-05,15:46:50,-05:00,2025-03-05T15:46:50-05:00,0,0
static/style.css,77,css,4b03b3ff,pxliu,2025-03-05,15:46:50,-05:00,2025-03-05T15:46:50-05:00,0,0
static/style.css,78,css,4b03b3ff,pxliu,2025-03-05,15:46:50,-05:00,2025-03-05T15:46:50-05:00,0,2
static/style.css,79,css,4b03b3ff,pxliu,2025-03-05,15:46:50,-05:00,2025-03-05T15:46:50-05:00,0,16
static/style.css,80,css,4b03b3ff,pxliu,2025-03-05,15:46:50,-05:00,2025-03-05T15:46:50-05:00,0,18
static/style.css,81,css,4b03b3ff,pxliu,2025-03-05,15:46:50,-05:00,2025-03-05T15:46:50-05:00,0,0
static/style.css,82,css,4b03b3ff,pxliu,2025-03-05,15:46:50,-05:00,2025-03-05T15:46:50-05:00,0,0
static/style.css,83,css,4b03b3ff,pxliu,2025-03-05,15:46:50,-05:00,2025-03-05T15:46:50-05:00,0,2
static/style.css,84,css,4b03b3ff,pxliu,2025-03-05,15:46:50,-05:00,2025-03-05T15:46:50-05:00,0,16
static/style.css,85,css,4b03b3ff,pxliu,2025-03-05,15:46:50,-05:00,2025-03-05T15:46:50-05:00,0,18
static/style.css,86,css,4b03b3ff,pxliu,2025-03-05,15:46:50,-05:00,2025-03-05T15:46:50-05:00,0,0
static/style.css,87,css,4b03b3ff,pxliu,2025-03-05,15:46:50,-05:00,2025-03-05T15:46:50-05:00,0,0
static/style.css,88,css,4b03b3ff,pxliu,2025-03-05,15:46:50,-05:00,2025-03-05T15:46:50-05:00,0,2
static/style.css,89,css,4b03b3ff,pxliu,2025-03-05,15:46:50,-05:00,2025-03-05T15:46:50-05:00,0,16
static/style.css,90,css,4b03b3ff,pxliu,2025-03-05,15:46:50,-05:00,2025-03-05T15:46:50-05:00,0,18
static/style.css,91,css,4b03b3ff,pxliu,2025-03-05,15:46:50,-05:00,2025-03-05T15:46:50-05:00,0,0
static/style.css,92,css,4b03b3ff,pxliu,2025-03-05,15:46:50,-05:00,2025-03-05T15:46:50-05:00,0,0
static/style.css,93,css,4b03b3ff,pxliu,2025-03-05,15:46:50,-05:00,2025-03-05T15:46:50-05:00,0,2
static/style.css,94,css,4b03b3ff,pxliu,2025-03-05,15:46:50,-05:00,2025-03-05T15:46:50-05:00,0,16
static/style.css,95,css,4b03b3ff,pxliu,2025-03-05,15:46:50,-05:00,2025-03-05T15:46:50-05:00,0,18
static/style.css,96,css,4b03b3ff,pxliu,2025-03-05,15:46:50,-05:00,2025-03-05T15:46:50-05:00,0,0
static/style.css,97,css,4b03b3ff,pxliu,2025-03-05,15:46:50,-05:00,2025-03-05T15:46:50-05:00,0,0
static/style.css,98,css,4b03b3ff,pxliu,2025-03-05,15:46:50,-05:00,2025-03-05T15:46:50-05:00,0,2
static/style.css,99,css,4b03b3ff,pxliu,2025-03-05,15:46:50,-05:00,2025-03-05T15:46:50-05:00,0,16
static/style.css,100,css,4b03b3ff,pxliu,2025-03-05,15:46:50,-05:00,2025-03-05T15:46:50-05:00,0,18
static/style.css,101,css,4b03b3ff,pxliu,2025-03-05,15:46:50,-05:00,2025-03-05T15:46:50-05:00,0,0
static/style.css,102,css,4b03b3ff,pxliu,2025-03-05,15:46:50,-05:00,2025-03-05T15:46:50-05:00,0,0
static/style.css,103,css,4b03b3ff,pxliu,2025-03-05,15:46:50,-05:00,2025-03-05T15:46:50-05:00,0,7
static/style.css,104,css,4b03b3ff,pxliu,2025-03-05,15:46:50,-05:00,2025-03-05T15:46:50-05:00,0,2
static/style.css,105,css,4b03b3ff,pxliu,2025-03-05,15:46:50,-05:00,2025-03-05T15:46:50-05:00,0,22
static/style.css,106,css,4b03b3ff,pxliu,2025-03-05,15:46:50,-05:00,2025-03-05T15:46:50-05:00,0,24
static/style.css,107,css,4b03b3ff,pxliu,2025-03-05,15:46:50,-05:00,2025-03-05T15:46:50-05:00,0,26
static/style.css,108,css,4b03b3ff,pxliu,2025-03-05,15:46:50,-05:00,2025-03-05T15:46:50-05:00,0,38
static/style.css,109,css,4b03b3ff,pxliu,2025-03-05,15:46:50,-05:00,2025-03-05T15:46:50-05:00,0,0
static/style.css,110,css,4b03b3ff,pxliu,2025-03-05,15:46:50,-05:00,2025-03-05T15:46:50-05:00,0,2
static/style.css,111,css,4b03b3ff,pxliu,2025-03-05,15:46:50,-05:00,2025-03-05T15:46:50-05:00,0,13
static/style.css,112,css,4b03b3ff,pxliu,2025-03-05,15:46:50,-05:00,2025-03-05T15:46:50-05:00,0,31
static/style.css,113,css,4b03b3ff,pxliu,2025-03-05,15:46:50,-05:00,2025-03-05T15:46:50-05:00,0,21
static/style.css,114,css,4b03b3ff,pxliu,2025-03-05,15:46:50,-05:00,2025-03-05T15:46:50-05:00,0,0
static/style.css,115,css,4b03b3ff,pxliu,2025-03-05,15:46:50,-05:00,2025-03-05T15:46:50-05:00,0,0
static/style.css,116,css,4b03b3ff,pxliu,2025-03-05,15:46:50,-05:00,2025-03-05T15:46:50-05:00,0,2
static/style.css,117,css,4b03b3ff,pxliu,2025-03-05,15:46:50,-05:00,2025-03-05T15:46:50-05:00,0,13
static/style.css,118,css,4b03b3ff,pxliu,2025-03-05,15:46:50,-05:00,2025-03-05T15:46:50-05:00,0,30
static/style.css,119,css,4b03b3ff,pxliu,2025-03-05,15:46:50,-05:00,2025-03-05T15:46:50-05:00,0,17
static/style.css,120,css,4b03b3ff,pxliu,2025-03-05,15:46:50,-05:00,2025-03-05T15:46:50-05:00,0,21
static/style.css,121,css,4b03b3ff,pxliu,2025-03-05,15:46:50,-05:00,2025-03-05T15:46:50-05:00,0,24
static/style.css,122,css,4b03b3ff,pxliu,2025-03-05,15:46:50,-05:00,2025-03-05T15:46:50-05:00,0,13
static/style.css,123,css,4b03b3ff,pxliu,2025-03-05,15:46:50,-05:00,2025-03-05T15:46:50-05:00,0,0
static/style.css,124,css,4b03b3ff,pxliu,2025-03-05,15:46:50,-05:00,2025-03-05T15:46:50-05:00,0,0
static/style.css,125,css,4b03b3ff,pxliu,2025-03-05,15:46:50,-05:00,2025-03-05T15:46:50-05:00,0,10
static/style.css,126,css,4b03b3ff,pxliu,2025-03-05,15:46:50,-05:00,2025-03-05T15:46:50-05:00,0,13
static/style.css,127,css,4b03b3ff,pxliu,2025-03-05,15:46:50,-05:00,2025-03-05T15:46:50-05:00,0,17
static/style.css,128,css,4b03b3ff,pxliu,2025-03-05,15:46:50,-05:00,2025-03-05T15:46:50-05:00,0,0
static/style.css,129,css,4b03b3ff,pxliu,2025-03-05,15:46:50,-05:00,2025-03-05T15:46:50-05:00,0,0
static/global.js,1,js,4b03b3ff,pxliu,2025-03-05,15:46:50,-05:00,2025-03-05T15:46:50-05:00,0,26
static/global.js,2,js,4b03b3ff,pxliu,2025-03-05,15:46:50,-05:00,2025-03-05T15:46:50-05:00,0,0
static/global.js,3,js,4b03b3ff,pxliu,2025-03-05,15:46:50,-05:00,2025-03-05T15:46:50-05:00,0,43
static/global.js,4,js,4b03b3ff,pxliu,2025-03-05,15:46:50,-05:00,2025-03-05T15:46:50-05:00,1,53
static/global.js,5,js,4b03b3ff,pxliu,2025-03-05,15:46:50,-05:00,2025-03-05T15:46:50-05:00,0,0
static/global.js,6,js,4b03b3ff,pxliu,2025-03-05,15:46:50,-05:00,2025-03-05T15:46:50-05:00,0,0
static/global.js,7,js,4b03b3ff,pxliu,2025-03-05,15:46:50,-05:00,2025-03-05T15:46:50-05:00,0,29
static/global.js,8,js,4b03b3ff,pxliu,2025-03-05,15:46:50,-05:00,2025-03-05T15:46:50-05:00,0,0
static/global.js,9,js,4b03b3ff,pxliu,2025-03-05,15:46:50,-05:00,2025-03-05T15:46:50-05:00,0,100
static/global.js,10,js,4b03b3ff,pxliu,2025-03-05,15:46:50,-05:00,2025-03-05T15:46:50-05:00,0,0
static/global.js,11,js,4b03b3ff,pxliu,2025-03-05,15:46:50,-05:00,2025-03-05T15:46:50-05:00,0,57
static/global.js,12,js,4b03b3ff,pxliu,2025-03-05,15:46:50,-05:00,2025-03-05T15:46:50-05:00,0,40
static/global.js,13,js,4b03b3ff,pxliu,2025-03-05,15:46:50,-05:00,2025-03-05T15:46:50-05:00,0,3
static/global.js,14,js,4b03b3ff,pxliu,2025-03-05,15:46:50,-05:00,2025-03-05T15:46:50-05:00,0,0
static/global.js,15,js,3d461f70,pxliu,2025-03-12,12:10:07,-04:00,2025-03-12T12:10:07-04:00,0,15
static/global.js,16,js,3d461f70,pxliu,2025-03-12,12:10:07,-04:00,2025-03-12T12:10:07-04:00,0,71
static/global.js,17,js,3d461f70,pxliu,2025-03-12,12:10:07,-04:00,2025-03-12T12:10:07-04:00,0,83
static/global.js,18,js,3d461f70,pxliu,2025-03-12,12:10:07,-04:00,2025-03-12T12:10:07-04:00,0,81
static/global.js,19,js,3d461f70,pxliu,2025-03-12,12:10:07,-04:00,2025-03-12T12:10:07-04:00,0,82
static/global.js,20,js,3d461f70,pxliu,2025-03-12,12:10:07,-04:00,2025-03-12T12:10:07-04:00,0,60
static/global.js,21,js,3d461f70,pxliu,2025-03-12,12:10:07,-04:00,2025-03-12T12:10:07-04:00,0,4
static/global.js,22,js,4b03b3ff,pxliu,2025-03-05,15:46:50,-05:00,2025-03-05T15:46:50-05:00,0,0
static/global.js,23,js,3d461f70,pxliu,2025-03-12,12:10:07,-04:00,2025-03-12T12:10:07-04:00,0,42
static/global.js,24,js,3d461f70,pxliu,2025-03-12,12:10:07,-04:00,2025-03-12T12:10:07-04:00,0,29
static/global.js,25,js,4b03b3ff,pxliu,2025-03-05,15:46:50,-05:00,2025-03-05T15:46:50-05:00,0,0
static/global.js,26,js,3d461f70,pxliu,2025-03-12,12:10:07,-04:00,2025-03-12T12:10:07-04:00,0,77
static/global.js,27,js,4b03b3ff,pxliu,2025-03-05,15:46:50,-05:00,2025-03-05T15:46:50-05:00,0,0
static/global.js,28,js,3d461f70,pxliu,2025-03-12,12:10:07,-04:00,2025-03-12T12:10:07-04:00,0,24
static/global.js,29,js,3d461f70,pxliu,2025-03-12,12:10:07,-04:00,2025-03-12T12:10:07-04:00,0,19
static/global.js,30,js,3d461f70,pxliu,2025-03-12,12:10:07,-04:00,2025-03-12T12:10:07-04:00,0,23
static/global.js,31,js,2168ce93,pxliu,2025-03-05,17:44:17,-05:00,2025-03-05T17:44:17-05:00,0,0
static/global.js,32,js,3d461f70,pxliu,2025-03-12,12:10:07,-04:00,2025-03-12T12:10:07-04:00,0,39
static/global.js,33,js,3d461f70,pxliu,2025-03-12,12:10:07,-04:00,2025-03-12T12:10:07-04:00,0,19
static/global.js,34,js,3d461f70,pxliu,2025-03-12,12:10:07,-04:00,2025-03-12T12:10:07-04:00,0,28
static/global.js,35,js,4b03b3ff,pxliu,2025-03-05,15:46:50,-05:00,2025-03-05T15:46:50-05:00,0,0
static/global.js,36,js,3d461f70,pxliu,2025-03-12,12:10:07,-04:00,2025-03-12T12:10:07-04:00,0,73
static/global.js,37,js,3d461f70,pxliu,2025-03-12,12:10:07,-04:00,2025-03-12T12:10:07-04:00,0,37
static/global.js,38,js,3d461f70,pxliu,2025-03-12,12:10:07,-04:00,2025-03-12T12:10:07-04:00,0,7
static/global.js,39,js,4b03b3ff,pxliu,2025-03-05,15:46:50,-05:00,2025-03-05T15:46:50-05:00,0,0
static/global.js,40,js,3d461f70,pxliu,2025-03-12,12:10:07,-04:00,2025-03-12T12:10:07-04:00,0,36
static/global.js,41,js,3d461f70,pxliu,2025-03-12,12:10:07,-04:00,2025-03-12T12:10:07-04:00,0,30
static/global.js,42,js,3d461f70,pxliu,2025-03-12,12:10:07,-04:00,2025-03-12T12:10:07-04:00,0,7
static/global.js,43,js,3d461f70,pxliu,2025-03-12,12:10:07,-04:00,2025-03-12T12:10:07-04:00,0,20
static/global.js,44,js,4b03b3ff,pxliu,2025-03-05,15:46:50,-05:00,2025-03-05T15:46:50-05:00,0,0
static/global.js,45,js,3d461f70,pxliu,2025-03-12,12:10:07,-04:00,2025-03-12T12:10:07-04:00,0,3
static/global.js,46,js,05b75eb6,pxliu,2025-03-05,17:21:38,-05:00,2025-03-05T17:21:38-05:00,0,32
static/global.js,47,js,05b75eb6,pxliu,2025-03-05,17:21:38,-05:00,2025-03-05T17:21:38-05:00,0,18
static/global.js,48,js,0c1ae765,pxliu,2025-03-05,16:52:43,-05:00,2025-03-05T16:52:43-05:00,0,0
static/global.js,49,js,eed369e2,pxliu,2025-03-12,12:48:39,-04:00,2025-03-12T12:48:39-04:00,0,50
static/global.js,50,js,eed369e2,pxliu,2025-03-12,12:48:39,-04:00,2025-03-12T12:48:39-04:00,0,31
static/global.js,51,js,eed369e2,pxliu,2025-03-12,12:48:39,-04:00,2025-03-12T12:48:39-04:00,0,10
static/global.js,52,js,eed369e2,pxliu,2025-03-12,12:48:39,-04:00,2025-03-12T12:48:39-04:00,0,12
static/global.js,53,js,eed369e2,pxliu,2025-03-12,12:48:39,-04:00,2025-03-12T12:48:39-04:00,0,50
static/global.js,54,js,eed369e2,pxliu,2025-03-12,12:48:39,-04:00,2025-03-12T12:48:39-04:00,0,50
static/global.js,55,js,eed369e2,pxliu,2025-03-12,12:48:39,-04:00,2025-03-12T12:48:39-04:00,0,48
static/global.js,56,js,eed369e2,pxliu,2025-03-12,12:48:39,-04:00,2025-03-12T12:48:39-04:00,0,13
static/global.js,57,js,eed369e2,pxliu,2025-03-12,12:48:39,-04:00,2025-03-12T12:48:39-04:00,0,12
static/global.js,58,js,eed369e2,pxliu,2025-03-12,12:48:39,-04:00,2025-03-12T12:48:39-04:00,0,4
static/global.js,59,js,4b03b3ff,pxliu,2025-03-05,15:46:50,-05:00,2025-03-05T15:46:50-05:00,0,0
static/global.js,60,js,a03dc31a,pxliu,2025-03-12,12:59:50,-04:00,2025-03-12T12:59:50-04:00,0,48
static/global.js,61,js,4b03b3ff,pxliu,2025-03-05,15:46:50,-05:00,2025-03-05T15:46:50-05:00,0,0
static/global.js,62,js,a03dc31a,pxliu,2025-03-12,12:59:50,-04:00,2025-03-12T12:59:50-04:00,0,53
static/global.js,63,js,a03dc31a,pxliu,2025-03-12,12:59:50,-04:00,2025-03-12T12:59:50-04:00,0,62
static/global.js,64,js,a03dc31a,pxliu,2025-03-12,12:59:50,-04:00,2025-03-12T12:59:50-04:00,0,85
static/global.js,65,js,a03dc31a,pxliu,2025-03-12,12:59:50,-04:00,2025-03-12T12:59:50-04:00,0,52
static/global.js,66,js,a03dc31a,pxliu,2025-03-12,12:59:50,-04:00,2025-03-12T12:59:50-04:00,0,5
static/global.js,67,js,4b03b3ff,pxliu,2025-03-05,15:46:50,-05:00,2025-03-05T15:46:50-05:00,0,0
static/global.js,68,js,a03dc31a,pxliu,2025-03-12,12:59:50,-04:00,2025-03-12T12:59:50-04:00,0,33
static/global.js,69,js,a03dc31a,pxliu,2025-03-12,12:59:50,-04:00,2025-03-12T12:59:50-04:00,0,88
static/global.js,70,js,a03dc31a,pxliu,2025-03-12,12:59:50,-04:00,2025-03-12T12:59:50-04:00,0,43
static/global.js,71,js,a03dc31a,pxliu,2025-03-12,12:59:50,-04:00,2025-03-12T12:59:50-04:00,0,3
static/global.js,72,js,4b03b3ff,pxliu,2025-03-05,15:46:50,-05:00,2025-03-05T15:46:50-05:00,0,0
static/global.js,73,js,4b03b3ff,pxliu,2025-03-05,15:46:50,-05:00,2025-03-05T15:46:50-05:00,0,0
src/app.html,1,html,4b03b3ff,pxliu,2025-03-05,15:46:50,-05:00,2025-03-05T15:46:50-05:00,0,14
src/app.html,2,html,4b03b3ff,pxliu,2025-03-05,15:46:50,-05:00,2025-03-05T15:46:50-05:00,0,15
src/app.html,3,html,4b03b3ff,pxliu,2025-03-05,15:46:50,-05:00,2025-03-05T15:46:50-05:00,1,5
src/app.html,4,html,4b03b3ff,pxliu,2025-03-05,15:46:50,-05:00,2025-03-05T15:46:50-05:00,2,23
src/app.html,5,html,4b03b3ff,pxliu,2025-03-05,15:46:50,-05:00,2025-03-05T15:46:50-05:00,2,56
src/app.html,6,html,4b03b3ff,pxliu,2025-03-05,15:46:50,-05:00,2025-03-05T15:46:50-05:00,2,52
src/app.html,7,html,4b03b3ff,pxliu,2025-03-05,15:46:50,-05:00,2025-03-05T15:46:50-05:00,2,15
src/app.html,8,html,4b03b3ff,pxliu,2025-03-05,15:46:50,-05:00,2025-03-05T15:46:50-05:00,2,35
src/app.html,9,html,4b03b3ff,pxliu,2025-03-05,15:46:50,-05:00,2025-03-05T15:46:50-05:00,2,60
src/app.html,10,html,4b03b3ff,pxliu,2025-03-05,15:46:50,-05:00,2025-03-05T15:46:50-05:00,2,65
src/app.html,11,html,4b03b3ff,pxliu,2025-03-05,15:46:50,-05:00,2025-03-05T15:46:50-05:00,1,6
src/app.html,12,html,4b03b3ff,pxliu,2025-03-05,15:46:50,-05:00,2025-03-05T15:46:50-05:00,1,41
src/app.html,13,html,4b03b3ff,pxliu,2025-03-05,15:46:50,-05:00,2025-03-05T15:46:50-05:00,2,52
src/app.html,14,html,4b03b3ff,pxliu,2025-03-05,15:46:50,-05:00,2025-03-05T15:46:50-05:00,1,6
src/app.html,15,html,4b03b3ff,pxliu,2025-03-05,15:46:50,-05:00,2025-03-05T15:46:50-05:00,0,6
src/routes/+page.svelte,1,svelte,2d322cb2,pxliu,2025-03-05,18:22:54,-05:00,2025-03-05T18:22:54-05:00,0,7
src/routes/+page.svelte,2,js,2d322cb2,pxliu,2025-03-05,18:22:54,-05:00,2025-03-05T18:22:54-05:00,0,41
src/routes/+page.svelte,3,js,2d322cb2,pxliu,2025-03-05,18:22:54,-05:00,2025-03-05T18:22:54-05:00,0,41
src/routes/+page.svelte,4,svelte,2d322cb2,pxliu,2025-03-05,18:22:54,-05:00,2025-03-05T18:22:54-05:00,0,8
src/routes/+page.svelte,5,svelte,2d322cb2,pxliu,2025-03-05,18:22:54,-05:00,2025-03-05T18:22:54-05:00,0,0
src/routes/+page.svelte,6,svelte,daf68caf,pxliu,2025-03-05,17:37:13,-05:00,2025-03-05T17:37:13-05:00,0,16
src/routes/+page.svelte,7,svelte,4b03b3ff,pxliu,2025-03-05,15:46:50,-05:00,2025-03-05T15:46:50-05:00,0,10
src/routes/+page.svelte,8,svelte,4b03b3ff,pxliu,2025-03-05,15:46:50,-05:00,2025-03-05T15:46:50-05:00,0,4
src/routes/+page.svelte,9,svelte,4b03b3ff,pxliu,2025-03-05,15:46:50,-05:00,2025-03-05T15:46:50-05:00,0,2
src/routes/+page.svelte,10,svelte,4b03b3ff,pxliu,2025-03-05,15:46:50,-05:00,2025-03-05T15:46:50-05:00,0,89
src/routes/+page.svelte,11,svelte,4b03b3ff,pxliu,2025-03-05,15:46:50,-05:00,2025-03-05T15:46:50-05:00,0,3
src/routes/+page.svelte,12,svelte,d893e6ed,pxliu,2025-03-05,18:30:00,-05:00,2025-03-05T18:30:00-05:00,0,102
src/routes/+page.svelte,13,svelte,2d322cb2,pxliu,2025-03-05,18:22:54,-05:00,2025-03-05T18:22:54-05:00,0,0
src/routes/+page.svelte,14,svelte,04fc049d,pxliu,2025-03-12,13:20:49,-04:00,2025-03-12T13:20:49-04:00,0,58
src/routes/+page.svelte,15,svelte,04fc049d,pxliu,2025-03-12,13:20:49,-04:00,2025-03-12T13:20:49-04:00,0,16
src/routes/+page.svelte,16,svelte,bf77cacb,pxliu,2025-03-12,13:29:46,-04:00,2025-03-12T13:29:46-04:00,0,15
src/routes/+page.svelte,17,svelte,bf77cacb,pxliu,2025-03-12,13:29:46,-04:00,2025-03-12T13:29:46-04:00,0,23
src/routes/+page.svelte,18,svelte,bf77cacb,pxliu,2025-03-12,13:29:46,-04:00,2025-03-12T13:29:46-04:00,0,17
src/routes/+page.svelte,19,svelte,bf77cacb,pxliu,2025-03-12,13:29:46,-04:00,2025-03-12T13:29:46-04:00,0,11
src/routes/+page.svelte,20,svelte,bf77cacb,pxliu,2025-03-12,13:29:46,-04:00,2025-03-12T13:29:46-04:00,0,8
src/routes/+page.svelte,21,svelte,bf77cacb,pxliu,2025-03-12,13:29:46,-04:00,2025-03-12T13:29:46-04:00,0,23
src/routes/+page.svelte,22,svelte,bf77cacb,pxliu,2025-03-12,13:29:46,-04:00,2025-03-12T13:29:46-04:00,0,3
src/routes/+page.svelte,23,svelte,3a7f0ab4,pxliu,2025-03-12,13:56:33,-04:00,2025-03-12T13:56:33-04:00,0,18
src/routes/+page.svelte,24,svelte,3a7f0ab4,pxliu,2025-03-12,13:56:33,-04:00,2025-03-12T13:56:33-04:00,0,18
src/routes/+page.svelte,25,svelte,3a7f0ab4,pxliu,2025-03-12,13:56:33,-04:00,2025-03-12T13:56:33-04:00,0,28
src/routes/+page.svelte,26,svelte,652d8978,pxliu,2025-03-12,14:25:32,-04:00,2025-03-12T14:25:32-04:00,0,24
src/routes/+page.svelte,27,svelte,652d8978,pxliu,2025-03-12,14:25:32,-04:00,2025-03-12T14:25:32-04:00,0,24
src/routes/+page.svelte,28,svelte,3a7f0ab4,pxliu,2025-03-12,13:56:33,-04:00,2025-03-12T13:56:33-04:00,0,27
src/routes/+page.svelte,29,svelte,bf77cacb,pxliu,2025-03-12,13:29:46,-04:00,2025-03-12T13:29:46-04:00,0,4
src/routes/+page.svelte,30,svelte,bf77cacb,pxliu,2025-03-12,13:29:46,-04:00,2025-03-12T13:29:46-04:00,0,9
src/routes/+page.svelte,31,svelte,bf77cacb,pxliu,2025-03-12,13:29:46,-04:00,2025-03-12T13:29:46-04:00,0,13
src/routes/+page.svelte,32,svelte,bf77cacb,pxliu,2025-03-12,13:29:46,-04:00,2025-03-12T13:29:46-04:00,0,57
src/routes/+page.svelte,33,svelte,bf77cacb,pxliu,2025-03-12,13:29:46,-04:00,2025-03-12T13:29:46-04:00,0,7
src/routes/+page.svelte,34,svelte,04fc049d,pxliu,2025-03-12,13:20:49,-04:00,2025-03-12T13:20:49-04:00,0,13
src/routes/+page.svelte,35,svelte,bf77cacb,pxliu,2025-03-12,13:29:46,-04:00,2025-03-12T13:29:46-04:00,0,57
src/routes/+page.svelte,36,svelte,04fc049d,pxliu,2025-03-12,13:20:49,-04:00,2025-03-12T13:20:49-04:00,0,7
src/routes/+page.svelte,37,svelte,04fc049d,pxliu,2025-03-12,13:20:49,-04:00,2025-03-12T13:20:49-04:00,0,0
src/routes/+page.svelte,38,svelte,72a2560c,pxliu,2025-03-05,18:31:10,-05:00,2025-03-05T18:31:10-05:00,0,23
src/routes/+page.svelte,39,svelte,2d322cb2,pxliu,2025-03-05,18:22:54,-05:00,2025-03-05T18:22:54-05:00,0,21
src/routes/+page.svelte,40,svelte,2d322cb2,pxliu,2025-03-05,18:22:54,-05:00,2025-03-05T18:22:54-05:00,0,32
src/routes/+page.svelte,41,svelte,d893e6ed,pxliu,2025-03-05,18:30:00,-05:00,2025-03-05T18:30:00-05:00,0,29
src/routes/+page.svelte,42,svelte,2d322cb2,pxliu,2025-03-05,18:22:54,-05:00,2025-03-05T18:22:54-05:00,0,6
src/routes/+page.svelte,43,svelte,2d322cb2,pxliu,2025-03-05,18:22:54,-05:00,2025-03-05T18:22:54-05:00,0,5
src/routes/+page.svelte,44,svelte,6a0737e7,pxliu,2025-03-12,13:45:36,-04:00,2025-03-12T13:45:36-04:00,0,0
src/routes/+page.svelte,45,svelte,6a0737e7,pxliu,2025-03-12,13:45:36,-04:00,2025-03-12T13:45:36-04:00,0,6
src/routes/+page.svelte,46,css,6a0737e7,pxliu,2025-03-12,13:45:36,-04:00,2025-03-12T13:45:36-04:00,0,2
src/routes/+page.svelte,47,css,6a0737e7,pxliu,2025-03-12,13:45:36,-04:00,2025-03-12T13:45:36-04:00,0,13
src/routes/+page.svelte,48,css,34fafcfc,pxliu,2025-03-12,14:03:15,-04:00,2025-03-12T14:03:15-04:00,0,34
src/routes/+page.svelte,49,css,36042bc2,pxliu,2025-03-12,14:14:48,-04:00,2025-03-12T14:14:48-04:00,0,27
src/routes/+page.svelte,50,css,487ff099,pxliu,2025-03-12,13:51:49,-04:00,2025-03-12T13:51:49-04:00,0,21
src/routes/+page.svelte,51,css,487ff099,pxliu,2025-03-12,13:51:49,-04:00,2025-03-12T13:51:49-04:00,0,0
src/routes/+page.svelte,52,css,652d8978,pxliu,2025-03-12,14:25:32,-04:00,2025-03-12T14:25:32-04:00,0,2
src/routes/+page.svelte,53,css,652d8978,pxliu,2025-03-12,14:25:32,-04:00,2025-03-12T14:25:32-04:00,0,16
src/routes/+page.svelte,54,css,652d8978,pxliu,2025-03-12,14:25:32,-04:00,2025-03-12T14:25:32-04:00,0,16
src/routes/+page.svelte,55,css,652d8978,pxliu,2025-03-12,14:25:32,-04:00,2025-03-12T14:25:32-04:00,0,0
src/routes/+page.svelte,56,css,652d8978,pxliu,2025-03-12,14:25:32,-04:00,2025-03-12T14:25:32-04:00,0,2
src/routes/+page.svelte,57,css,652d8978,pxliu,2025-03-12,14:25:32,-04:00,2025-03-12T14:25:32-04:00,0,16
src/routes/+page.svelte,58,css,7bebd333,pxliu,2025-03-12,14:28:15,-04:00,2025-03-12T14:28:15-04:00,0,18
src/routes/+page.svelte,59,css,652d8978,pxliu,2025-03-12,14:25:32,-04:00,2025-03-12T14:25:32-04:00,0,20
src/routes/+page.svelte,60,css,652d8978,pxliu,2025-03-12,14:25:32,-04:00,2025-03-12T14:25:32-04:00,0,0
src/routes/+page.svelte,61,svelte,6a0737e7,pxliu,2025-03-12,13:45:36,-04:00,2025-03-12T13:45:36-04:00,0,7
src/routes/+layout.svelte,1,svelte,3d461f70,pxliu,2025-03-12,12:10:07,-04:00,2025-03-12T12:10:07-04:00,0,7
src/routes/+layout.svelte,2,js,32feabd8,pxliu,2025-03-12,12:18:34,-04:00,2025-03-12T12:18:34-04:00,0,34
src/routes/+layout.svelte,3,js,32feabd8,pxliu,2025-03-12,12:18:34,-04:00,2025-03-12T12:18:34-04:00,0,0
src/routes/+layout.svelte,4,js,32feabd8,pxliu,2025-03-12,12:18:34,-04:00,2025-03-12T12:18:34-04:00,0,0
src/routes/+layout.svelte,5,js,3d461f70,pxliu,2025-03-12,12:10:07,-04:00,2025-03-12T12:10:07-04:00,0,12
src/routes/+layout.svelte,6,js,b49c0d86,pxliu,2025-03-12,12:53:57,-04:00,2025-03-12T12:53:57-04:00,0,67
src/routes/+layout.svelte,7,js,b49c0d86,pxliu,2025-03-12,12:53:57,-04:00,2025-03-12T12:53:57-04:00,0,80
src/routes/+layout.svelte,8,js,b49c0d86,pxliu,2025-03-12,12:53:57,-04:00,2025-03-12T12:53:57-04:00,0,78
src/routes/+layout.svelte,9,js,b49c0d86,pxliu,2025-03-12,12:53:57,-04:00,2025-03-12T12:53:57-04:00,0,76
src/routes/+layout.svelte,10,js,965e2a1b,pxliu,2025-03-19,18:41:57,-04:00,2025-03-19T18:41:57-04:00,0,72
src/routes/+layout.svelte,11,js,b49c0d86,pxliu,2025-03-12,12:53:57,-04:00,2025-03-12T12:53:57-04:00,0,53
src/routes/+layout.svelte,12,js,b49c0d86,pxliu,2025-03-12,12:53:57,-04:00,2025-03-12T12:53:57-04:00,0,33
src/routes/+layout.svelte,13,js,b49c0d86,pxliu,2025-03-12,12:53:57,-04:00,2025-03-12T12:53:57-04:00,0,1
src/routes/+layout.svelte,14,js,b49c0d86,pxliu,2025-03-12,12:53:57,-04:00,2025-03-12T12:53:57-04:00,0,0
src/routes/+layout.svelte,15,js,4450fe24,pxliu,2025-03-12,13:03:58,-04:00,2025-03-12T13:03:58-04:00,0,48
src/routes/+layout.svelte,16,js,4450fe24,pxliu,2025-03-12,13:03:58,-04:00,2025-03-12T13:03:58-04:00,0,58
src/routes/+layout.svelte,17,js,4450fe24,pxliu,2025-03-12,13:03:58,-04:00,2025-03-12T13:03:58-04:00,0,0
src/routes/+layout.svelte,18,js,a03dc31a,pxliu,2025-03-12,12:59:50,-04:00,2025-03-12T12:59:50-04:00,0,48
src/routes/+layout.svelte,19,js,a03dc31a,pxliu,2025-03-12,12:59:50,-04:00,2025-03-12T12:59:50-04:00,0,55
src/routes/+layout.svelte,20,js,4450fe24,pxliu,2025-03-12,13:03:58,-04:00,2025-03-12T13:03:58-04:00,0,41
src/routes/+layout.svelte,21,js,7b681523,pxliu,2025-03-12,13:05:55,-04:00,2025-03-12T13:05:55-04:00,0,0
src/routes/+layout.svelte,22,svelte,3d461f70,pxliu,2025-03-12,12:10:07,-04:00,2025-03-12T12:10:07-04:00,0,8
src/routes/+layout.svelte,23,svelte,3d461f70,pxliu,2025-03-12,12:10:07,-04:00,2025-03-12T12:10:07-04:00,0,0
src/routes/+layout.svelte,24,svelte,eed369e2,pxliu,2025-03-12,12:48:39,-04:00,2025-03-12T12:48:39-04:00,0,27
src/routes/+layout.svelte,25,svelte,eed369e2,pxliu,2025-03-12,12:48:39,-04:00,2025-03-12T12:48:39-04:00,0,5
src/routes/+layout.svelte,26,svelte,b49c0d86,pxliu,2025-03-12,12:53:57,-04:00,2025-03-12T12:53:57-04:00,0,34
src/routes/+layout.svelte,27,svelte,eed369e2,pxliu,2025-03-12,12:48:39,-04:00,2025-03-12T12:48:39-04:00,0,44
src/routes/+layout.svelte,28,svelte,eed369e2,pxliu,2025-03-12,12:48:39,-04:00,2025-03-12T12:48:39-04:00,0,35
src/routes/+layout.svelte,29,svelte,eed369e2,pxliu,2025-03-12,12:48:39,-04:00,2025-03-12T12:48:39-04:00,0,33
src/routes/+layout.svelte,30,svelte,eed369e2,pxliu,2025-03-12,12:48:39,-04:00,2025-03-12T12:48:39-04:00,0,8
src/routes/+layout.svelte,31,svelte,eed369e2,pxliu,2025-03-12,12:48:39,-04:00,2025-03-12T12:48:39-04:00,0,7
src/routes/+layout.svelte,32,svelte,eed369e2,pxliu,2025-03-12,12:48:39,-04:00,2025-03-12T12:48:39-04:00,0,0
src/routes/+layout.svelte,33,svelte,3d461f70,pxliu,2025-03-12,12:10:07,-04:00,2025-03-12T12:10:07-04:00,0,4
src/routes/+layout.svelte,34,svelte,3d461f70,pxliu,2025-03-12,12:10:07,-04:00,2025-03-12T12:10:07-04:00,0,17
src/routes/+layout.svelte,35,svelte,ab3cabd5,pxliu,2025-03-12,12:24:39,-04:00,2025-03-12T12:24:39-04:00,0,14
src/routes/+layout.svelte,36,svelte,b0cdeab9,pxliu,2025-03-12,12:28:14,-04:00,2025-03-12T12:28:14-04:00,0,33
src/routes/+layout.svelte,37,svelte,ab3cabd5,pxliu,2025-03-12,12:24:39,-04:00,2025-03-12T12:24:39-04:00,0,49
src/routes/+layout.svelte,38,svelte,ab3cabd5,pxliu,2025-03-12,12:24:39,-04:00,2025-03-12T12:24:39-04:00,0,0
src/routes/+layout.svelte,39,svelte,ab3cabd5,pxliu,2025-03-12,12:24:39,-04:00,2025-03-12T12:24:39-04:00,0,8
src/routes/+layout.svelte,40,svelte,ab3cabd5,pxliu,2025-03-12,12:24:39,-04:00,2025-03-12T12:24:39-04:00,0,3
src/routes/+layout.svelte,41,svelte,3d461f70,pxliu,2025-03-12,12:10:07,-04:00,2025-03-12T12:10:07-04:00,0,6
src/routes/+layout.svelte,42,svelte,5a61d252,pxliu,2025-03-12,12:14:58,-04:00,2025-03-12T12:14:58-04:00,0,5
src/routes/+layout.svelte,43,svelte,4450fe24,pxliu,2025-03-12,13:03:58,-04:00,2025-03-12T13:03:58-04:00,0,0
src/routes/+layout.svelte,44,svelte,ee0d7c70,pxliu,2025-03-12,12:34:21,-04:00,2025-03-12T12:34:21-04:00,0,7
src/routes/+layout.svelte,45,svelte,ee0d7c70,pxliu,2025-03-12,12:34:21,-04:00,2025-03-12T12:34:21-04:00,0,0
src/routes/+layout.svelte,46,svelte,ee0d7c70,pxliu,2025-03-12,12:34:21,-04:00,2025-03-12T12:34:21-04:00,0,6
src/routes/+layout.svelte,47,css,ee0d7c70,pxliu,2025-03-12,12:34:21,-04:00,2025-03-12T12:34:21-04:00,0,3
src/routes/+layout.svelte,48,css,7d8e413f,pxliu,2025-03-12,12:36:40,-04:00,2025-03-12T12:36:40-04:00,0,40
src/routes/+layout.svelte,49,css,7d8e413f,pxliu,2025-03-12,12:36:40,-04:00,2025-03-12T12:36:40-04:00,0,13
src/routes/+layout.svelte,50,css,7d8e413f,pxliu,2025-03-12,12:36:40,-04:00,2025-03-12T12:36:40-04:00,0,19
src/routes/+layout.svelte,51,css,7d8e413f,pxliu,2025-03-12,12:36:40,-04:00,2025-03-12T12:36:40-04:00,0,24
src/routes/+layout.svelte,52,css,7d8e413f,pxliu,2025-03-12,12:36:40,-04:00,2025-03-12T12:36:40-04:00,0,26
src/routes/+layout.svelte,53,css,7d8e413f,pxliu,2025-03-12,12:36:40,-04:00,2025-03-12T12:36:40-04:00,0,40
src/routes/+layout.svelte,54,css,ee0d7c70,pxliu,2025-03-12,12:34:21,-04:00,2025-03-12T12:34:21-04:00,0,0
src/routes/+layout.svelte,55,css,7d8e413f,pxliu,2025-03-12,12:36:40,-04:00,2025-03-12T12:36:40-04:00,0,0
src/routes/+layout.svelte,56,css,7d8e413f,pxliu,2025-03-12,12:36:40,-04:00,2025-03-12T12:36:40-04:00,0,0
src/routes/+layout.svelte,57,css,2167f6d5,pxliu,2025-03-12,12:41:20,-04:00,2025-03-12T12:41:20-04:00,0,1
src/routes/+layout.svelte,58,css,7d8e413f,pxliu,2025-03-12,12:36:40,-04:00,2025-03-12T12:36:40-04:00,0,7
src/routes/+layout.svelte,59,css,7d8e413f,pxliu,2025-03-12,12:36:40,-04:00,2025-03-12T12:36:40-04:00,0,21
src/routes/+layout.svelte,60,css,7d8e413f,pxliu,2025-03-12,12:36:40,-04:00,2025-03-12T12:36:40-04:00,0,14
src/routes/+layout.svelte,61,css,7d8e413f,pxliu,2025-03-12,12:36:40,-04:00,2025-03-12T12:36:40-04:00,0,18
src/routes/+layout.svelte,62,css,7d8e413f,pxliu,2025-03-12,12:36:40,-04:00,2025-03-12T12:36:40-04:00,0,13
src/routes/+layout.svelte,63,css,7d8e413f,pxliu,2025-03-12,12:36:40,-04:00,2025-03-12T12:36:40-04:00,0,0
src/routes/+layout.svelte,64,css,7d8e413f,pxliu,2025-03-12,12:36:40,-04:00,2025-03-12T12:36:40-04:00,0,0
src/routes/+layout.svelte,65,css,7d8e413f,pxliu,2025-03-12,12:36:40,-04:00,2025-03-12T12:36:40-04:00,0,0
src/routes/+layout.svelte,66,css,2167f6d5,pxliu,2025-03-12,12:41:20,-04:00,2025-03-12T12:41:20-04:00,0,9
src/routes/+layout.svelte,67,css,2167f6d5,pxliu,2025-03-12,12:41:20,-04:00,2025-03-12T12:41:20-04:00,0,17
src/routes/+layout.svelte,68,css,2167f6d5,pxliu,2025-03-12,12:41:20,-04:00,2025-03-12T12:41:20-04:00,0,45
src/routes/+layout.svelte,69,css,2167f6d5,pxliu,2025-03-12,12:41:20,-04:00,2025-03-12T12:41:20-04:00,0,0
src/routes/+layout.svelte,70,css,7d8e413f,pxliu,2025-03-12,12:36:40,-04:00,2025-03-12T12:36:40-04:00,0,0
src/routes/+layout.svelte,71,css,2167f6d5,pxliu,2025-03-12,12:41:20,-04:00,2025-03-12T12:41:20-04:00,0,7
src/routes/+layout.svelte,72,css,2167f6d5,pxliu,2025-03-12,12:41:20,-04:00,2025-03-12T12:41:20-04:00,0,45
src/routes/+layout.svelte,73,css,2167f6d5,pxliu,2025-03-12,12:41:20,-04:00,2025-03-12T12:41:20-04:00,0,70
src/routes/+layout.svelte,74,css,7d8e413f,pxliu,2025-03-12,12:36:40,-04:00,2025-03-12T12:36:40-04:00,0,0
src/routes/+layout.svelte,75,css,dab68422,pxliu,2025-03-12,12:51:58,-04:00,2025-03-12T12:51:58-04:00,0,0
src/routes/+layout.svelte,76,css,dab68422,pxliu,2025-03-12,12:51:58,-04:00,2025-03-12T12:51:58-04:00,0,18
src/routes/+layout.svelte,77,css,dab68422,pxliu,2025-03-12,12:51:58,-04:00,2025-03-12T12:51:58-04:00,0,20
src/routes/+layout.svelte,78,css,dab68422,pxliu,2025-03-12,12:51:58,-04:00,2025-03-12T12:51:58-04:00,0,8
src/routes/+layout.svelte,79,css,dab68422,pxliu,2025-03-12,12:51:58,-04:00,2025-03-12T12:51:58-04:00,0,18
src/routes/+layout.svelte,80,css,dab68422,pxliu,2025-03-12,12:51:58,-04:00,2025-03-12T12:51:58-04:00,0,9
src/routes/+layout.svelte,81,css,dab68422,pxliu,2025-03-12,12:51:58,-04:00,2025-03-12T12:51:58-04:00,0,11
src/routes/+layout.svelte,82,css,dab68422,pxliu,2025-03-12,12:51:58,-04:00,2025-03-12T12:51:58-04:00,0,20
src/routes/+layout.svelte,83,css,dab68422,pxliu,2025-03-12,12:51:58,-04:00,2025-03-12T12:51:58-04:00,0,14
src/routes/+layout.svelte,84,css,dab68422,pxliu,2025-03-12,12:51:58,-04:00,2025-03-12T12:51:58-04:00,0,0
src/routes/+layout.svelte,85,svelte,ee0d7c70,pxliu,2025-03-12,12:34:21,-04:00,2025-03-12T12:34:21-04:00,0,7
src/routes/resume/+page.svelte,1,svelte,4b03b3ff,pxliu,2025-03-05,15:46:50,-05:00,2025-03-05T15:46:50-05:00,0,0
src/routes/resume/+page.svelte,2,svelte,4b03b3ff,pxliu,2025-03-05,15:46:50,-05:00,2025-03-05T15:46:50-05:00,0,12
src/routes/resume/+page.svelte,3,svelte,4b03b3ff,pxliu,2025-03-05,15:46:50,-05:00,2025-03-05T15:46:50-05:00,0,20
src/routes/resume/+page.svelte,4,svelte,4b03b3ff,pxliu,2025-03-05,15:46:50,-05:00,2025-03-05T15:46:50-05:00,0,13
src/routes/resume/+page.svelte,5,svelte,4b03b3ff,pxliu,2025-03-05,15:46:50,-05:00,2025-03-05T15:46:50-05:00,0,0
src/routes/resume/+page.svelte,6,svelte,4b03b3ff,pxliu,2025-03-05,15:46:50,-05:00,2025-03-05T15:46:50-05:00,0,14
src/routes/resume/+page.svelte,7,svelte,4b03b3ff,pxliu,2025-03-05,15:46:50,-05:00,2025-03-05T15:46:50-05:00,0,2
src/routes/resume/+page.svelte,8,svelte,c799eea5,pxliu,2025-03-05,18:47:10,-05:00,2025-03-05T18:47:10-05:00,0,75
src/routes/resume/+page.svelte,9,svelte,4b03b3ff,pxliu,2025-03-05,15:46:50,-05:00,2025-03-05T15:46:50-05:00,0,3
src/routes/resume/+page.svelte,10,svelte,4b03b3ff,pxliu,2025-03-05,15:46:50,-05:00,2025-03-05T15:46:50-05:00,0,23
src/routes/resume/+page.svelte,11,svelte,4b03b3ff,pxliu,2025-03-05,15:46:50,-05:00,2025-03-05T15:46:50-05:00,0,17
src/routes/resume/+page.svelte,12,svelte,4b03b3ff,pxliu,2025-03-05,15:46:50,-05:00,2025-03-05T15:46:50-05:00,0,3
src/routes/resume/+page.svelte,13,svelte,4b03b3ff,pxliu,2025-03-05,15:46:50,-05:00,2025-03-05T15:46:50-05:00,0,50
src/routes/resume/+page.svelte,14,svelte,4b03b3ff,pxliu,2025-03-05,15:46:50,-05:00,2025-03-05T15:46:50-05:00,0,19
src/routes/resume/+page.svelte,15,svelte,4b03b3ff,pxliu,2025-03-05,15:46:50,-05:00,2025-03-05T15:46:50-05:00,0,6
src/routes/resume/+page.svelte,16,svelte,4b03b3ff,pxliu,2025-03-05,15:46:50,-05:00,2025-03-05T15:46:50-05:00,0,12
src/routes/resume/+page.svelte,17,svelte,4b03b3ff,pxliu,2025-03-05,15:46:50,-05:00,2025-03-05T15:46:50-05:00,0,7
src/routes/resume/+page.svelte,18,svelte,4b03b3ff,pxliu,2025-03-05,15:46:50,-05:00,2025-03-05T15:46:50-05:00,0,6
src/routes/resume/+page.svelte,19,svelte,4b03b3ff,pxliu,2025-03-05,15:46:50,-05:00,2025-03-05T15:46:50-05:00,0,43
src/routes/resume/+page.svelte,20,svelte,4b03b3ff,pxliu,2025-03-05,15:46:50,-05:00,2025-03-05T15:46:50-05:00,0,7
src/routes/resume/+page.svelte,21,svelte,4b03b3ff,pxliu,2025-03-05,15:46:50,-05:00,2025-03-05T15:46:50-05:00,0,7
src/routes/resume/+page.svelte,22,svelte,4b03b3ff,pxliu,2025-03-05,15:46:50,-05:00,2025-03-05T15:46:50-05:00,0,4
src/routes/resume/+page.svelte,23,svelte,4b03b3ff,pxliu,2025-03-05,15:46:50,-05:00,2025-03-05T15:46:50-05:00,0,3
src/routes/resume/+page.svelte,24,svelte,4b03b3ff,pxliu,2025-03-05,15:46:50,-05:00,2025-03-05T15:46:50-05:00,0,45
src/routes/resume/+page.svelte,25,svelte,4b03b3ff,pxliu,2025-03-05,15:46:50,-05:00,2025-03-05T15:46:50-05:00,0,19
src/routes/resume/+page.svelte,26,svelte,4b03b3ff,pxliu,2025-03-05,15:46:50,-05:00,2025-03-05T15:46:50-05:00,0,6
src/routes/resume/+page.svelte,27,svelte,4b03b3ff,pxliu,2025-03-05,15:46:50,-05:00,2025-03-05T15:46:50-05:00,0,12
src/routes/resume/+page.svelte,28,svelte,4b03b3ff,pxliu,2025-03-05,15:46:50,-05:00,2025-03-05T15:46:50-05:00,0,7
src/routes/resume/+page.svelte,29,svelte,4b03b3ff,pxliu,2025-03-05,15:46:50,-05:00,2025-03-05T15:46:50-05:00,0,6
src/routes/resume/+page.svelte,30,svelte,4b03b3ff,pxliu,2025-03-05,15:46:50,-05:00,2025-03-05T15:46:50-05:00,0,43
src/routes/resume/+page.svelte,31,svelte,4b03b3ff,pxliu,2025-03-05,15:46:50,-05:00,2025-03-05T15:46:50-05:00,0,7
src/routes/resume/+page.svelte,32,svelte,4b03b3ff,pxliu,2025-03-05,15:46:50,-05:00,2025-03-05T15:46:50-05:00,0,7
src/routes/resume/+page.svelte,33,svelte,4b03b3ff,pxliu,2025-03-05,15:46:50,-05:00,2025-03-05T15:46:50-05:00,0,4
src/routes/resume/+page.svelte,34,svelte,4b03b3ff,pxliu,2025-03-05,15:46:50,-05:00,2025-03-05T15:46:50-05:00,0,3
src/routes/resume/+page.svelte,35,svelte,4b03b3ff,pxliu,2025-03-05,15:46:50,-05:00,2025-03-05T15:46:50-05:00,0,45
src/routes/resume/+page.svelte,36,svelte,4b03b3ff,pxliu,2025-03-05,15:46:50,-05:00,2025-03-05T15:46:50-05:00,0,19
src/routes/resume/+page.svelte,37,svelte,4b03b3ff,pxliu,2025-03-05,15:46:50,-05:00,2025-03-05T15:46:50-05:00,0,6
src/routes/resume/+page.svelte,38,svelte,4b03b3ff,pxliu,2025-03-05,15:46:50,-05:00,2025-03-05T15:46:50-05:00,0,12
src/routes/resume/+page.svelte,39,svelte,4b03b3ff,pxliu,2025-03-05,15:46:50,-05:00,2025-03-05T15:46:50-05:00,0,7
src/routes/resume/+page.svelte,40,svelte,4b03b3ff,pxliu,2025-03-05,15:46:50,-05:00,2025-03-05T15:46:50-05:00,0,6
src/routes/resume/+page.svelte,41,svelte,4b03b3ff,pxliu,2025-03-05,15:46:50,-05:00,2025-03-05T15:46:50-05:00,0,78
src/routes/resume/+page.svelte,42,svelte,4b03b3ff,pxliu,2025-03-05,15:46:50,-05:00,2025-03-05T15:46:50-05:00,0,7
src/routes/resume/+page.svelte,43,svelte,4b03b3ff,pxliu,2025-03-05,15:46:50,-05:00,2025-03-05T15:46:50-05:00,0,7
src/routes/resume/+page.svelte,44,svelte,4b03b3ff,pxliu,2025-03-05,15:46:50,-05:00,2025-03-05T15:46:50-05:00,0,4
src/routes/resume/+page.svelte,45,svelte,4b03b3ff,pxliu,2025-03-05,15:46:50,-05:00,2025-03-05T15:46:50-05:00,0,4
src/routes/resume/+page.svelte,46,svelte,4b03b3ff,pxliu,2025-03-05,15:46:50,-05:00,2025-03-05T15:46:50-05:00,0,9
src/routes/resume/+page.svelte,47,svelte,4b03b3ff,pxliu,2025-03-05,15:46:50,-05:00,2025-03-05T15:46:50-05:00,0,23
src/routes/resume/+page.svelte,48,svelte,4b03b3ff,pxliu,2025-03-05,15:46:50,-05:00,2025-03-05T15:46:50-05:00,0,18
src/routes/resume/+page.svelte,49,svelte,4b03b3ff,pxliu,2025-03-05,15:46:50,-05:00,2025-03-05T15:46:50-05:00,0,3
src/routes/resume/+page.svelte,50,svelte,4b03b3ff,pxliu,2025-03-05,15:46:50,-05:00,2025-03-05T15:46:50-05:00,0,3
src/routes/resume/+page.svelte,51,svelte,4b03b3ff,pxliu,2025-03-05,15:46:50,-05:00,2025-03-05T15:46:50-05:00,0,36
src/routes/resume/+page.svelte,52,svelte,4b03b3ff,pxliu,2025-03-05,15:46:50,-05:00,2025-03-05T15:46:50-05:00,0,19
src/routes/resume/+page.svelte,53,svelte,4b03b3ff,pxliu,2025-03-05,15:46:50,-05:00,2025-03-05T15:46:50-05:00,0,6
src/routes/resume/+page.svelte,54,svelte,4b03b3ff,pxliu,2025-03-05,15:46:50,-05:00,2025-03-05T15:46:50-05:00,0,12
src/routes/resume/+page.svelte,55,svelte,4b03b3ff,pxliu,2025-03-05,15:46:50,-05:00,2025-03-05T15:46:50-05:00,0,7
src/routes/resume/+page.svelte,56,svelte,4b03b3ff,pxliu,2025-03-05,15:46:50,-05:00,2025-03-05T15:46:50-05:00,0,6
src/routes/resume/+page.svelte,57,svelte,4b03b3ff,pxliu,2025-03-05,15:46:50,-05:00,2025-03-05T15:46:50-05:00,0,47
src/routes/resume/+page.svelte,58,svelte,4b03b3ff,pxliu,2025-03-05,15:46:50,-05:00,2025-03-05T15:46:50-05:00,0,7
src/routes/resume/+page.svelte,59,svelte,4b03b3ff,pxliu,2025-03-05,15:46:50,-05:00,2025-03-05T15:46:50-05:00,0,7
src/routes/resume/+page.svelte,60,svelte,4b03b3ff,pxliu,2025-03-05,15:46:50,-05:00,2025-03-05T15:46:50-05:00,0,4
src/routes/resume/+page.svelte,61,svelte,4b03b3ff,pxliu,2025-03-05,15:46:50,-05:00,2025-03-05T15:46:50-05:00,0,3
src/routes/resume/+page.svelte,62,svelte,4b03b3ff,pxliu,2025-03-05,15:46:50,-05:00,2025-03-05T15:46:50-05:00,0,51
src/routes/resume/+page.svelte,63,svelte,4b03b3ff,pxliu,2025-03-05,15:46:50,-05:00,2025-03-05T15:46:50-05:00,0,19
src/routes/resume/+page.svelte,64,svelte,4b03b3ff,pxliu,2025-03-05,15:46:50,-05:00,2025-03-05T15:46:50-05:00,0,6
src/routes/resume/+page.svelte,65,svelte,4b03b3ff,pxliu,2025-03-05,15:46:50,-05:00,2025-03-05T15:46:50-05:00,0,12
src/routes/resume/+page.svelte,66,svelte,4b03b3ff,pxliu,2025-03-05,15:46:50,-05:00,2025-03-05T15:46:50-05:00,0,7
src/routes/resume/+page.svelte,67,svelte,4b03b3ff,pxliu,2025-03-05,15:46:50,-05:00,2025-03-05T15:46:50-05:00,0,6
src/routes/resume/+page.svelte,68,svelte,4b03b3ff,pxliu,2025-03-05,15:46:50,-05:00,2025-03-05T15:46:50-05:00,0,49
src/routes/resume/+page.svelte,69,svelte,4b03b3ff,pxliu,2025-03-05,15:46:50,-05:00,2025-03-05T15:46:50-05:00,0,7
src/routes/resume/+page.svelte,70,svelte,4b03b3ff,pxliu,2025-03-05,15:46:50,-05:00,2025-03-05T15:46:50-05:00,0,7
src/routes/resume/+page.svelte,71,svelte,4b03b3ff,pxliu,2025-03-05,15:46:50,-05:00,2025-03-05T15:46:50-05:00,0,4
src/routes/resume/+page.svelte,72,svelte,4b03b3ff,pxliu,2025-03-05,15:46:50,-05:00,2025-03-05T15:46:50-05:00,0,3
src/routes/resume/+page.svelte,73,svelte,4b03b3ff,pxliu,2025-03-05,15:46:50,-05:00,2025-03-05T15:46:50-05:00,0,39
src/routes/resume/+page.svelte,74,svelte,4b03b3ff,pxliu,2025-03-05,15:46:50,-05:00,2025-03-05T15:46:50-05:00,0,19
src/routes/resume/+page.svelte,75,svelte,4b03b3ff,pxliu,2025-03-05,15:46:50,-05:00,2025-03-05T15:46:50-05:00,0,6
src/routes/resume/+page.svelte,76,svelte,4b03b3ff,pxliu,2025-03-05,15:46:50,-05:00,2025-03-05T15:46:50-05:00,0,14
src/routes/resume/+page.svelte,77,svelte,4b03b3ff,pxliu,2025-03-05,15:46:50,-05:00,2025-03-05T15:46:50-05:00,0,7
src/routes/resume/+page.svelte,78,svelte,4b03b3ff,pxliu,2025-03-05,15:46:50,-05:00,2025-03-05T15:46:50-05:00,0,6
src/routes/resume/+page.svelte,79,svelte,4b03b3ff,pxliu,2025-03-05,15:46:50,-05:00,2025-03-05T15:46:50-05:00,0,81
src/routes/resume/+page.svelte,80,svelte,4b03b3ff,pxliu,2025-03-05,15:46:50,-05:00,2025-03-05T15:46:50-05:00,0,7
src/routes/resume/+page.svelte,81,svelte,4b03b3ff,pxliu,2025-03-05,15:46:50,-05:00,2025-03-05T15:46:50-05:00,0,7
src/routes/resume/+page.svelte,82,svelte,4b03b3ff,pxliu,2025-03-05,15:46:50,-05:00,2025-03-05T15:46:50-05:00,0,4
src/routes/resume/+page.svelte,83,svelte,4b03b3ff,pxliu,2025-03-05,15:46:50,-05:00,2025-03-05T15:46:50-05:00,0,3
src/routes/resume/+page.svelte,84,svelte,4b03b3ff,pxliu,2025-03-05,15:46:50,-05:00,2025-03-05T15:46:50-05:00,0,61
src/routes/resume/+page.svelte,85,svelte,4b03b3ff,pxliu,2025-03-05,15:46:50,-05:00,2025-03-05T15:46:50-05:00,0,19
src/routes/resume/+page.svelte,86,svelte,4b03b3ff,pxliu,2025-03-05,15:46:50,-05:00,2025-03-05T15:46:50-05:00,0,6
src/routes/resume/+page.svelte,87,svelte,4b03b3ff,pxliu,2025-03-05,15:46:50,-05:00,2025-03-05T15:46:50-05:00,0,12
src/routes/resume/+page.svelte,88,svelte,4b03b3ff,pxliu,2025-03-05,15:46:50,-05:00,2025-03-05T15:46:50-05:00,0,7
src/routes/resume/+page.svelte,89,svelte,4b03b3ff,pxliu,2025-03-05,15:46:50,-05:00,2025-03-05T15:46:50-05:00,0,6
src/routes/resume/+page.svelte,90,svelte,4b03b3ff,pxliu,2025-03-05,15:46:50,-05:00,2025-03-05T15:46:50-05:00,0,81
src/routes/resume/+page.svelte,91,svelte,4b03b3ff,pxliu,2025-03-05,15:46:50,-05:00,2025-03-05T15:46:50-05:00,0,7
src/routes/resume/+page.svelte,92,svelte,4b03b3ff,pxliu,2025-03-05,15:46:50,-05:00,2025-03-05T15:46:50-05:00,0,7
src/routes/resume/+page.svelte,93,svelte,4b03b3ff,pxliu,2025-03-05,15:46:50,-05:00,2025-03-05T15:46:50-05:00,0,4
src/routes/resume/+page.svelte,94,svelte,4b03b3ff,pxliu,2025-03-05,15:46:50,-05:00,2025-03-05T15:46:50-05:00,0,3
src/routes/resume/+page.svelte,95,svelte,4b03b3ff,pxliu,2025-03-05,15:46:50,-05:00,2025-03-05T15:46:50-05:00,0,68
src/routes/resume/+page.svelte,96,svelte,4b03b3ff,pxliu,2025-03-05,15:46:50,-05:00,2025-03-05T15:46:50-05:00,0,19
src/routes/resume/+page.svelte,97,svelte,4b03b3ff,pxliu,2025-03-05,15:46:50,-05:00,2025-03-05T15:46:50-05:00,0,6
src/routes/resume/+page.svelte,98,svelte,4b03b3ff,pxliu,2025-03-05,15:46:50,-05:00,2025-03-05T15:46:50-05:00,0,12
src/routes/resume/+page.svelte,99,svelte,4b03b3ff,pxliu,2025-03-05,15:46:50,-05:00,2025-03-05T15:46:50-05:00,0,7
src/routes/resume/+page.svelte,100,svelte,4b03b3ff,pxliu,2025-03-05,15:46:50,-05:00,2025-03-05T15:46:50-05:00,0,6
src/routes/resume/+page.svelte,101,svelte,4b03b3ff,pxliu,2025-03-05,15:46:50,-05:00,2025-03-05T15:46:50-05:00,0,81
src/routes/resume/+page.svelte,102,svelte,4b03b3ff,pxliu,2025-03-05,15:46:50,-05:00,2025-03-05T15:46:50-05:00,0,7
src/routes/resume/+page.svelte,103,svelte,4b03b3ff,pxliu,2025-03-05,15:46:50,-05:00,2025-03-05T15:46:50-05:00,0,7
src/routes/resume/+page.svelte,104,svelte,4b03b3ff,pxliu,2025-03-05,15:46:50,-05:00,2025-03-05T15:46:50-05:00,0,4
src/routes/resume/+page.svelte,105,svelte,4b03b3ff,pxliu,2025-03-05,15:46:50,-05:00,2025-03-05T15:46:50-05:00,0,4
src/routes/resume/+page.svelte,106,svelte,4b03b3ff,pxliu,2025-03-05,15:46:50,-05:00,2025-03-05T15:46:50-05:00,0,9
src/routes/projects/+page.svelte,1,svelte,4b03b3ff,pxliu,2025-03-05,15:46:50,-05:00,2025-03-05T15:46:50-05:00,0,0
src/routes/projects/+page.svelte,2,svelte,4b03b3ff,pxliu,2025-03-05,15:46:50,-05:00,2025-03-05T15:46:50-05:00,0,12
src/routes/projects/+page.svelte,3,svelte,4b03b3ff,pxliu,2025-03-05,15:46:50,-05:00,2025-03-05T15:46:50-05:00,0,22
src/routes/projects/+page.svelte,4,svelte,4b03b3ff,pxliu,2025-03-05,15:46:50,-05:00,2025-03-05T15:46:50-05:00,0,13
src/routes/projects/+page.svelte,5,svelte,4b03b3ff,pxliu,2025-03-05,15:46:50,-05:00,2025-03-05T15:46:50-05:00,0,0
src/routes/projects/+page.svelte,6,svelte,6eceeda8,pxliu,2025-03-05,17:51:39,-05:00,2025-03-05T17:51:39-05:00,0,7
src/routes/projects/+page.svelte,7,js,6eceeda8,pxliu,2025-03-05,17:51:39,-05:00,2025-03-05T17:51:39-05:00,0,41
src/routes/projects/+page.svelte,8,js,9da45826,pxliu,2025-03-05,18:14:32,-05:00,2025-03-05T18:14:32-05:00,0,41
src/routes/projects/+page.svelte,9,js,3073be2c,pxliu,2025-03-19,16:58:19,-04:00,2025-03-19T16:58:19-04:00,0,33
src/routes/projects/+page.svelte,10,js,2875c8ff,pxliu,2025-03-19,18:01:40,-04:00,2025-03-19T18:01:40-04:00,0,24
src/routes/projects/+page.svelte,11,js,2875c8ff,pxliu,2025-03-19,18:01:40,-04:00,2025-03-19T18:01:40-04:00,0,0
src/routes/projects/+page.svelte,12,js,f1357834,pxliu,2025-03-19,18:15:35,-04:00,2025-03-19T18:15:35-04:00,0,11
src/routes/projects/+page.svelte,13,js,f1357834,pxliu,2025-03-19,18:15:35,-04:00,2025-03-19T18:15:35-04:00,0,3
src/routes/projects/+page.svelte,14,js,f1357834,pxliu,2025-03-19,18:15:35,-04:00,2025-03-19T18:15:35-04:00,2,52
src/routes/projects/+page.svelte,15,js,f1357834,pxliu,2025-03-19,18:15:35,-04:00,2025-03-19T18:15:35-04:00,0,12
src/routes/projects/+page.svelte,16,js,f1357834,pxliu,2025-03-19,18:15:35,-04:00,2025-03-19T18:15:35-04:00,0,0
src/routes/projects/+page.svelte,17,js,f1357834,pxliu,2025-03-19,18:15:35,-04:00,2025-03-19T18:15:35-04:00,2,65
src/routes/projects/+page.svelte,18,js,f1357834,pxliu,2025-03-19,18:15:35,-04:00,2025-03-19T18:15:35-04:00,0,73
src/routes/projects/+page.svelte,19,js,f1357834,pxliu,2025-03-19,18:15:35,-04:00,2025-03-19T18:15:35-04:00,0,0
src/routes/projects/+page.svelte,20,js,f1357834,pxliu,2025-03-19,18:15:35,-04:00,2025-03-19T18:15:35-04:00,2,62
src/routes/projects/+page.svelte,21,js,f1357834,pxliu,2025-03-19,18:15:35,-04:00,2025-03-19T18:15:35-04:00,0,44
src/routes/projects/+page.svelte,22,js,f1357834,pxliu,2025-03-19,18:15:35,-04:00,2025-03-19T18:15:35-04:00,0,36
src/routes/projects/+page.svelte,23,js,f1357834,pxliu,2025-03-19,18:15:35,-04:00,2025-03-19T18:15:35-04:00,0,2
src/routes/projects/+page.svelte,24,js,f1357834,pxliu,2025-03-19,18:15:35,-04:00,2025-03-19T18:15:35-04:00,0,0
src/routes/projects/+page.svelte,25,js,2875c8ff,pxliu,2025-03-19,18:01:40,-04:00,2025-03-19T18:01:40-04:00,0,0
src/routes/projects/+page.svelte,26,js,44b3c1b5,pxliu,2025-03-19,18:05:14,-04:00,2025-03-19T18:05:14-04:00,0,14
src/routes/projects/+page.svelte,27,js,db10f778,pxliu,2025-03-19,18:11:57,-04:00,2025-03-19T18:11:57-04:00,0,49
src/routes/projects/+page.svelte,28,js,db10f778,pxliu,2025-03-19,18:11:57,-04:00,2025-03-19T18:11:57-04:00,0,60
src/routes/projects/+page.svelte,29,js,db10f778,pxliu,2025-03-19,18:11:57,-04:00,2025-03-19T18:11:57-04:00,1,43
src/routes/projects/+page.svelte,30,js,db10f778,pxliu,2025-03-19,18:11:57,-04:00,2025-03-19T18:11:57-04:00,0,2
src/routes/projects/+page.svelte,31,js,44b3c1b5,pxliu,2025-03-19,18:05:14,-04:00,2025-03-19T18:05:14-04:00,0,0
src/routes/projects/+page.svelte,32,js,577c3119,pxliu,2025-03-19,18:32:57,-04:00,2025-03-19T18:32:57-04:00,0,55
src/routes/projects/+page.svelte,33,js,577c3119,pxliu,2025-03-19,18:32:57,-04:00,2025-03-19T18:32:57-04:00,0,18
src/routes/projects/+page.svelte,34,js,577c3119,pxliu,2025-03-19,18:32:57,-04:00,2025-03-19T18:32:57-04:00,0,36
src/routes/projects/+page.svelte,35,js,577c3119,pxliu,2025-03-19,18:32:57,-04:00,2025-03-19T18:32:57-04:00,0,0
src/routes/projects/+page.svelte,36,js,577c3119,pxliu,2025-03-19,18:32:57,-04:00,2025-03-19T18:32:57-04:00,0,0
src/routes/projects/+page.svelte,37,js,577c3119,pxliu,2025-03-19,18:32:57,-04:00,2025-03-19T18:32:57-04:00,0,11
src/routes/projects/+page.svelte,38,js,577c3119,pxliu,2025-03-19,18:32:57,-04:00,2025-03-19T18:32:57-04:00,0,2
src/routes/projects/+page.svelte,39,js,577c3119,pxliu,2025-03-19,18:32:57,-04:00,2025-03-19T18:32:57-04:00,0,0
src/routes/projects/+page.svelte,40,js,577c3119,pxliu,2025-03-19,18:32:57,-04:00,2025-03-19T18:32:57-04:00,0,26
src/routes/projects/+page.svelte,41,js,577c3119,pxliu,2025-03-19,18:32:57,-04:00,2025-03-19T18:32:57-04:00,0,82
src/routes/projects/+page.svelte,42,js,577c3119,pxliu,2025-03-19,18:32:57,-04:00,2025-03-19T18:32:57-04:00,0,0
src/routes/projects/+page.svelte,43,svelte,9da45826,pxliu,2025-03-05,18:14:32,-05:00,2025-03-05T18:14:32-05:00,0,8
src/routes/projects/+page.svelte,44,svelte,9da45826,pxliu,2025-03-05,18:14:32,-05:00,2025-03-05T18:14:32-05:00,0,0
src/routes/projects/+page.svelte,45,svelte,4bb6c0c6,pxliu,2025-03-05,18:15:14,-05:00,2025-03-05T18:15:14-05:00,0,0
src/routes/projects/+page.svelte,46,svelte,4b03b3ff,pxliu,2025-03-05,15:46:50,-05:00,2025-03-05T15:46:50-05:00,0,3
src/routes/projects/+page.svelte,47,svelte,0cdf301e,pxliu,2025-03-05,17:58:56,-05:00,2025-03-05T17:58:56-05:00,0,25
src/routes/projects/+page.svelte,48,svelte,4b03b3ff,pxliu,2025-03-05,15:46:50,-05:00,2025-03-05T15:46:50-05:00,0,4
src/routes/projects/+page.svelte,49,svelte,44b3c1b5,pxliu,2025-03-19,18:05:14,-04:00,2025-03-19T18:05:14-04:00,0,0
src/routes/projects/+page.svelte,50,svelte,577c3119,pxliu,2025-03-19,18:32:57,-04:00,2025-03-19T18:32:57-04:00,0,59
src/routes/projects/+page.svelte,51,svelte,44b3c1b5,pxliu,2025-03-19,18:05:14,-04:00,2025-03-19T18:05:14-04:00,0,0
src/routes/projects/+page.svelte,52,svelte,44b3c1b5,pxliu,2025-03-19,18:05:14,-04:00,2025-03-19T18:05:14-04:00,0,38
src/routes/projects/+page.svelte,53,svelte,44b3c1b5,pxliu,2025-03-19,18:05:14,-04:00,2025-03-19T18:05:14-04:00,0,61
src/routes/projects/+page.svelte,54,svelte,44b3c1b5,pxliu,2025-03-19,18:05:14,-04:00,2025-03-19T18:05:14-04:00,0,1
src/routes/projects/+page.svelte,55,svelte,44b3c1b5,pxliu,2025-03-19,18:05:14,-04:00,2025-03-19T18:05:14-04:00,0,0
src/routes/projects/+page.svelte,56,svelte,4b03b3ff,pxliu,2025-03-05,15:46:50,-05:00,2025-03-05T15:46:50-05:00,0,21
src/routes/projects/+page.svelte,57,svelte,577c3119,pxliu,2025-03-19,18:32:57,-04:00,2025-03-19T18:32:57-04:00,0,26
src/routes/projects/+page.svelte,58,svelte,d893e6ed,pxliu,2025-03-05,18:30:00,-05:00,2025-03-05T18:30:00-05:00,0,19
src/routes/projects/+page.svelte,59,svelte,d4d1f80c,pxliu,2025-03-05,17:55:49,-05:00,2025-03-05T17:55:49-05:00,0,6
src/routes/projects/+page.svelte,60,svelte,4b03b3ff,pxliu,2025-03-05,15:46:50,-05:00,2025-03-05T15:46:50-05:00,0,5
src/routes/projects/+page.svelte,61,svelte,44b3c1b5,pxliu,2025-03-19,18:05:14,-04:00,2025-03-19T18:05:14-04:00,0,0
src/routes/projects/+page.svelte,62,svelte,44b3c1b5,pxliu,2025-03-19,18:05:14,-04:00,2025-03-19T18:05:14-04:00,0,6
src/routes/projects/+page.svelte,63,css,44b3c1b5,pxliu,2025-03-19,18:05:14,-04:00,2025-03-19T18:05:14-04:00,0,5
src/routes/projects/+page.svelte,64,css,44b3c1b5,pxliu,2025-03-19,18:05:14,-04:00,2025-03-19T18:05:14-04:00,0,11
src/routes/projects/+page.svelte,65,css,342dd242,pxliu,2025-03-19,18:08:25,-04:00,2025-03-19T18:08:25-04:00,0,11
src/routes/projects/+page.svelte,66,css,44b3c1b5,pxliu,2025-03-19,18:05:14,-04:00,2025-03-19T18:05:14-04:00,0,0
src/routes/projects/+page.svelte,67,svelte,44b3c1b5,pxliu,2025-03-19,18:05:14,-04:00,2025-03-19T18:05:14-04:00,0,7
src/routes/meta/+page.svelte,1,svelte,965e2a1b,pxliu,2025-03-19,18:41:57,-04:00,2025-03-19T18:41:57-04:00,0,12
src/routes/meta/+page.svelte,2,svelte,965e2a1b,pxliu,2025-03-19,18:41:57,-04:00,2025-03-19T18:41:57-04:00,0,24
src/routes/meta/+page.svelte,3,svelte,965e2a1b,pxliu,2025-03-19,18:41:57,-04:00,2025-03-19T18:41:57-04:00,0,13
src/routes/meta/+page.svelte,4,svelte,965e2a1b,pxliu,2025-03-19,18:41:57,-04:00,2025-03-19T18:41:57-04:00,0,0
src/routes/meta/+page.svelte,5,svelte,965e2a1b,pxliu,2025-03-19,18:41:57,-04:00,2025-03-19T18:41:57-04:00,0,4
src/routes/meta/+page.svelte,6,svelte,965e2a1b,pxliu,2025-03-19,18:41:57,-04:00,2025-03-19T18:41:57-04:00,0,3
src/routes/meta/+page.svelte,7,svelte,965e2a1b,pxliu,2025-03-19,18:41:57,-04:00,2025-03-19T18:41:57-04:00,0,4
src/routes/meta/+page.svelte,8,svelte,965e2a1b,pxliu,2025-03-19,18:41:57,-04:00,2025-03-19T18:41:57-04:00,0,2
src/routes/meta/+page.svelte,9,svelte,965e2a1b,pxliu,2025-03-19,18:41:57,-04:00,2025-03-19T18:41:57-04:00,0,11
src/routes/meta/+page.svelte,10,svelte,965e2a1b,pxliu,2025-03-19,18:41:57,-04:00,2025-03-19T18:41:57-04:00,0,3
src/routes/contact/+page.svelte,1,svelte,4b03b3ff,pxliu,2025-03-05,15:46:50,-05:00,2025-03-05T15:46:50-05:00,0,12
src/routes/contact/+page.svelte,2,svelte,4b03b3ff,pxliu,2025-03-05,15:46:50,-05:00,2025-03-05T15:46:50-05:00,0,24
src/routes/contact/+page.svelte,3,svelte,4b03b3ff,pxliu,2025-03-05,15:46:50,-05:00,2025-03-05T15:46:50-05:00,0,13
src/routes/contact/+page.svelte,4,svelte,4b03b3ff,pxliu,2025-03-05,15:46:50,-05:00,2025-03-05T15:46:50-05:00,0,0
src/routes/contact/+page.svelte,5,svelte,4b03b3ff,pxliu,2025-03-05,15:46:50,-05:00,2025-03-05T15:46:50-05:00,0,3
src/routes/contact/+page.svelte,6,svelte,4b03b3ff,pxliu,2025-03-05,15:46:50,-05:00,2025-03-05T15:46:50-05:00,0,9
src/routes/contact/+page.svelte,7,svelte,4b03b3ff,pxliu,2025-03-05,15:46:50,-05:00,2025-03-05T15:46:50-05:00,0,4
src/routes/contact/+page.svelte,8,svelte,4b03b3ff,pxliu,2025-03-05,15:46:50,-05:00,2025-03-05T15:46:50-05:00,0,81
src/routes/contact/+page.svelte,9,svelte,4b03b3ff,pxliu,2025-03-05,15:46:50,-05:00,2025-03-05T15:46:50-05:00,0,6
src/routes/contact/+page.svelte,10,svelte,4b03b3ff,pxliu,2025-03-05,15:46:50,-05:00,2025-03-05T15:46:50-05:00,0,39
src/routes/contact/+page.svelte,11,svelte,4b03b3ff,pxliu,2025-03-05,15:46:50,-05:00,2025-03-05T15:46:50-05:00,0,7
src/routes/contact/+page.svelte,12,svelte,4b03b3ff,pxliu,2025-03-05,15:46:50,-05:00,2025-03-05T15:46:50-05:00,0,6
src/routes/contact/+page.svelte,13,svelte,4b03b3ff,pxliu,2025-03-05,15:46:50,-05:00,2025-03-05T15:46:50-05:00,0,30
src/routes/contact/+page.svelte,14,svelte,4b03b3ff,pxliu,2025-03-05,15:46:50,-05:00,2025-03-05T15:46:50-05:00,0,7
src/routes/contact/+page.svelte,15,svelte,4b03b3ff,pxliu,2025-03-05,15:46:50,-05:00,2025-03-05T15:46:50-05:00,0,6
src/routes/contact/+page.svelte,16,svelte,4b03b3ff,pxliu,2025-03-05,15:46:50,-05:00,2025-03-05T15:46:50-05:00,0,38
src/routes/contact/+page.svelte,17,svelte,4b03b3ff,pxliu,2025-03-05,15:46:50,-05:00,2025-03-05T15:46:50-05:00,0,7
src/routes/contact/+page.svelte,18,svelte,4b03b3ff,pxliu,2025-03-05,15:46:50,-05:00,2025-03-05T15:46:50-05:00,0,22
src/routes/contact/+page.svelte,19,svelte,4b03b3ff,pxliu,2025-03-05,15:46:50,-05:00,2025-03-05T15:46:50-05:00,0,6
src/lib/Project.svelte,1,svelte,9da45826,pxliu,2025-03-05,18:14:32,-05:00,2025-03-05T18:14:32-05:00,0,7
src/lib/Project.svelte,2,js,9da45826,pxliu,2025-03-05,18:14:32,-05:00,2025-03-05T18:14:32-05:00,0,20
src/lib/Project.svelte,3,js,125aff30,pxliu,2025-03-05,18:25:03,-05:00,2025-03-05T18:25:03-05:00,0,21
src/lib/Project.svelte,4,svelte,9da45826,pxliu,2025-03-05,18:14:32,-05:00,2025-03-05T18:14:32-05:00,0,8
src/lib/Project.svelte,5,svelte,9da45826,pxliu,2025-03-05,18:14:32,-05:00,2025-03-05T18:14:32-05:00,0,0
src/lib/Project.svelte,6,svelte,9da45826,pxliu,2025-03-05,18:14:32,-05:00,2025-03-05T18:14:32-05:00,0,8
src/lib/Project.svelte,7,svelte,125aff30,pxliu,2025-03-05,18:25:03,-05:00,2025-03-05T18:25:03-05:00,0,64
src/lib/Project.svelte,8,svelte,9da45826,pxliu,2025-03-05,18:14:32,-05:00,2025-03-05T18:14:32-05:00,0,30
src/lib/Project.svelte,9,svelte,9da45826,pxliu,2025-03-05,18:14:32,-05:00,2025-03-05T18:14:32-05:00,0,2
src/lib/Project.svelte,10,svelte,9da45826,pxliu,2025-03-05,18:14:32,-05:00,2025-03-05T18:14:32-05:00,0,17
src/lib/Project.svelte,11,svelte,31bf2ca1,pxliu,2025-03-19,16:40:34,-04:00,2025-03-19T16:40:34-04:00,0,3
src/lib/Project.svelte,12,svelte,31bf2ca1,pxliu,2025-03-19,16:40:34,-04:00,2025-03-19T16:40:34-04:00,0,2
src/lib/Project.svelte,13,svelte,31bf2ca1,pxliu,2025-03-19,16:40:34,-04:00,2025-03-19T16:40:34-04:00,0,10
src/lib/Project.svelte,14,svelte,72be3525,pxliu,2025-03-19,16:29:08,-04:00,2025-03-19T16:29:08-04:00,0,3
src/lib/Project.svelte,15,svelte,d98f2f27,pxliu,2025-03-19,16:31:25,-04:00,2025-03-19T16:31:25-04:00,0,9
src/lib/Project.svelte,16,svelte,46c83f9a,pxliu,2025-03-05,18:38:13,-05:00,2025-03-05T18:38:13-05:00,0,0
src/lib/Project.svelte,17,svelte,46c83f9a,pxliu,2025-03-05,18:38:13,-05:00,2025-03-05T18:38:13-05:00,0,6
src/lib/Project.svelte,18,css,46c83f9a,pxliu,2025-03-05,18:38:13,-05:00,2025-03-05T18:38:13-05:00,0,16
src/lib/Project.svelte,19,css,46c83f9a,pxliu,2025-03-05,18:38:13,-05:00,2025-03-05T18:38:13-05:00,0,59
src/lib/Project.svelte,20,css,46c83f9a,pxliu,2025-03-05,18:38:13,-05:00,2025-03-05T18:38:13-05:00,0,11
src/lib/Project.svelte,21,css,46c83f9a,pxliu,2025-03-05,18:38:13,-05:00,2025-03-05T18:38:13-05:00,0,0
src/lib/Project.svelte,22,css,46c83f9a,pxliu,2025-03-05,18:38:13,-05:00,2025-03-05T18:38:13-05:00,0,7
src/lib/Project.svelte,23,css,46c83f9a,pxliu,2025-03-05,18:38:13,-05:00,2025-03-05T18:38:13-05:00,0,13
src/lib/Project.svelte,24,css,46c83f9a,pxliu,2025-03-05,18:38:13,-05:00,2025-03-05T18:38:13-05:00,0,27
src/lib/Project.svelte,25,css,31bf2ca1,pxliu,2025-03-19,16:40:34,-04:00,2025-03-19T16:40:34-04:00,0,16
src/lib/Project.svelte,26,css,46c83f9a,pxliu,2025-03-05,18:38:13,-05:00,2025-03-05T18:38:13-05:00,0,0
src/lib/Project.svelte,27,css,46c83f9a,pxliu,2025-03-05,18:38:13,-05:00,2025-03-05T18:38:13-05:00,0,0
src/lib/Project.svelte,28,css,46c83f9a,pxliu,2025-03-05,18:38:13,-05:00,2025-03-05T18:38:13-05:00,0,2
src/lib/Project.svelte,29,css,46c83f9a,pxliu,2025-03-05,18:38:13,-05:00,2025-03-05T18:38:13-05:00,0,9
src/lib/Project.svelte,30,css,46c83f9a,pxliu,2025-03-05,18:38:13,-05:00,2025-03-05T18:38:13-05:00,0,0
src/lib/Project.svelte,31,svelte,46c83f9a,pxliu,2025-03-05,18:38:13,-05:00,2025-03-05T18:38:13-05:00,0,7
src/lib/Pie.svelte,1,svelte,f2410d78,pxliu,2025-03-19,17:09:01,-04:00,2025-03-19T17:09:01-04:00,0,7
src/lib/Pie.svelte,2,js,f2410d78,pxliu,2025-03-19,17:09:01,-04:00,2025-03-19T17:09:01-04:00,0,24
src/lib/Pie.svelte,3,js,f2410d78,pxliu,2025-03-19,17:09:01,-04:00,2025-03-19T17:09:01-04:00,0,58
src/lib/Pie.svelte,4,js,2ca28a04,pxliu,2025-03-19,17:12:12,-04:00,2025-03-19T17:12:12-04:00,0,0
src/lib/Pie.svelte,5,js,2ca28a04,pxliu,2025-03-19,17:12:12,-04:00,2025-03-19T17:12:12-04:00,0,0
src/lib/Pie.svelte,6,js,2875c8ff,pxliu,2025-03-19,18:01:40,-04:00,2025-03-19T18:01:40-04:00,0,20
src/lib/Pie.svelte,7,js,42471527,pxliu,2025-03-19,17:18:50,-04:00,2025-03-19T17:18:50-04:00,0,49
src/lib/Pie.svelte,8,js,f1357834,pxliu,2025-03-19,18:15:35,-04:00,2025-03-19T18:15:35-04:00,0,0
src/lib/Pie.svelte,9,js,f1357834,pxliu,2025-03-19,18:15:35,-04:00,2025-03-19T18:15:35-04:00,0,11
src/lib/Pie.svelte,10,js,f1357834,pxliu,2025-03-19,18:15:35,-04:00,2025-03-19T18:15:35-04:00,0,8
src/lib/Pie.svelte,11,js,f1357834,pxliu,2025-03-19,18:15:35,-04:00,2025-03-19T18:15:35-04:00,0,3
src/lib/Pie.svelte,12,js,f1357834,pxliu,2025-03-19,18:15:35,-04:00,2025-03-19T18:15:35-04:00,0,103
src/lib/Pie.svelte,13,js,f1357834,pxliu,2025-03-19,18:15:35,-04:00,2025-03-19T18:15:35-04:00,0,30
src/lib/Pie.svelte,14,js,f1357834,pxliu,2025-03-19,18:15:35,-04:00,2025-03-19T18:15:35-04:00,0,40
src/lib/Pie.svelte,15,js,f1357834,pxliu,2025-03-19,18:15:35,-04:00,2025-03-19T18:15:35-04:00,0,0
src/lib/Pie.svelte,16,js,f2410d78,pxliu,2025-03-19,17:09:01,-04:00,2025-03-19T17:09:01-04:00,0,0
src/lib/Pie.svelte,17,js,7b10d54a,pxliu,2025-03-19,17:14:06,-04:00,2025-03-19T17:14:06-04:00,0,48
src/lib/Pie.svelte,18,js,f2410d78,pxliu,2025-03-19,17:09:01,-04:00,2025-03-19T17:09:01-04:00,0,0
src/lib/Pie.svelte,19,js,2a834a0e,pxliu,2025-03-19,18:24:59,-04:00,2025-03-19T18:24:59-04:00,0,29
src/lib/Pie.svelte,20,js,2a834a0e,pxliu,2025-03-19,18:24:59,-04:00,2025-03-19T18:24:59-04:00,0,0
src/lib/Pie.svelte,21,svelte,f2410d78,pxliu,2025-03-19,17:09:01,-04:00,2025-03-19T17:09:01-04:00,0,8
src/lib/Pie.svelte,22,svelte,4c1a1c15,pxliu,2025-03-19,17:06:06,-04:00,2025-03-19T17:06:06-04:00,0,0
src/lib/Pie.svelte,23,svelte,b8d56372,pxliu,2025-03-19,17:42:15,-04:00,2025-03-19T17:42:15-04:00,0,22
src/lib/Pie.svelte,24,svelte,b8d56372,pxliu,2025-03-19,17:42:15,-04:00,2025-03-19T17:42:15-04:00,0,30
src/lib/Pie.svelte,25,svelte,b8d56372,pxliu,2025-03-19,17:42:15,-04:00,2025-03-19T17:42:15-04:00,0,25
src/lib/Pie.svelte,26,svelte,2a834a0e,pxliu,2025-03-19,18:24:59,-04:00,2025-03-19T18:24:59-04:00,0,35
src/lib/Pie.svelte,27,svelte,2a834a0e,pxliu,2025-03-19,18:24:59,-04:00,2025-03-19T18:24:59-04:00,0,39
src/lib/Pie.svelte,28,svelte,2a834a0e,pxliu,2025-03-19,18:24:59,-04:00,2025-03-19T18:24:59-04:00,0,70
src/lib/Pie.svelte,29,svelte,b8d56372,pxliu,2025-03-19,17:42:15,-04:00,2025-03-19T17:42:15-04:00,0,6
src/lib/Pie.svelte,30,svelte,b8d56372,pxliu,2025-03-19,17:42:15,-04:00,2025-03-19T17:42:15-04:00,0,5
src/lib/Pie.svelte,31,svelte,b8d56372,pxliu,2025-03-19,17:42:15,-04:00,2025-03-19T17:42:15-04:00,0,18
src/lib/Pie.svelte,32,svelte,b8d56372,pxliu,2025-03-19,17:42:15,-04:00,2025-03-19T17:42:15-04:00,0,23
src/lib/Pie.svelte,33,svelte,dd98abd8,pxliu,2025-03-19,18:28:28,-04:00,2025-03-19T18:28:28-04:00,0,37
src/lib/Pie.svelte,34,svelte,dd98abd8,pxliu,2025-03-19,18:28:28,-04:00,2025-03-19T18:28:28-04:00,0,40
src/lib/Pie.svelte,35,svelte,b8d56372,pxliu,2025-03-19,17:42:15,-04:00,2025-03-19T17:42:15-04:00,0,27
src/lib/Pie.svelte,36,svelte,b8d56372,pxliu,2025-03-19,17:42:15,-04:00,2025-03-19T17:42:15-04:00,0,29
src/lib/Pie.svelte,37,svelte,b8d56372,pxliu,2025-03-19,17:42:15,-04:00,2025-03-19T17:42:15-04:00,0,4
src/lib/Pie.svelte,38,svelte,b8d56372,pxliu,2025-03-19,17:42:15,-04:00,2025-03-19T17:42:15-04:00,0,6
src/lib/Pie.svelte,39,svelte,b8d56372,pxliu,2025-03-19,17:42:15,-04:00,2025-03-19T17:42:15-04:00,0,4
src/lib/Pie.svelte,40,svelte,b8d56372,pxliu,2025-03-19,17:42:15,-04:00,2025-03-19T17:42:15-04:00,0,5
src/lib/Pie.svelte,41,svelte,b8d56372,pxliu,2025-03-19,17:42:15,-04:00,2025-03-19T17:42:15-04:00,0,0
src/lib/Pie.svelte,42,svelte,d48073fd,pxliu,2025-03-19,17:09:58,-04:00,2025-03-19T17:09:58-04:00,0,0
src/lib/Pie.svelte,43,svelte,d48073fd,pxliu,2025-03-19,17:09:58,-04:00,2025-03-19T17:09:58-04:00,0,6
src/lib/Pie.svelte,44,css,d48073fd,pxliu,2025-03-19,17:09:58,-04:00,2025-03-19T17:09:58-04:00,0,4
src/lib/Pie.svelte,45,css,d48073fd,pxliu,2025-03-19,17:09:58,-04:00,2025-03-19T17:09:58-04:00,0,15
src/lib/Pie.svelte,46,css,d48073fd,pxliu,2025-03-19,17:09:58,-04:00,2025-03-19T17:09:58-04:00,0,17
src/lib/Pie.svelte,47,css,d48073fd,pxliu,2025-03-19,17:09:58,-04:00,2025-03-19T17:09:58-04:00,0,0
src/lib/Pie.svelte,48,css,d48073fd,pxliu,2025-03-19,17:09:58,-04:00,2025-03-19T17:09:58-04:00,0,43
src/lib/Pie.svelte,49,css,d48073fd,pxliu,2025-03-19,17:09:58,-04:00,2025-03-19T17:09:58-04:00,0,17
src/lib/Pie.svelte,50,css,f54cf033,pxliu,2025-03-19,17:26:48,-04:00,2025-03-19T17:26:48-04:00,0,0
src/lib/Pie.svelte,51,css,2a834a0e,pxliu,2025-03-19,18:24:59,-04:00,2025-03-19T18:24:59-04:00,0,0
src/lib/Pie.svelte,52,css,2a834a0e,pxliu,2025-03-19,18:24:59,-04:00,2025-03-19T18:24:59-04:00,0,37
src/lib/Pie.svelte,53,css,2a834a0e,pxliu,2025-03-19,18:24:59,-04:00,2025-03-19T18:24:59-04:00,1,12
src/lib/Pie.svelte,54,css,2a834a0e,pxliu,2025-03-19,18:24:59,-04:00,2025-03-19T18:24:59-04:00,0,0
src/lib/Pie.svelte,55,css,2a834a0e,pxliu,2025-03-19,18:24:59,-04:00,2025-03-19T18:24:59-04:00,0,0
src/lib/Pie.svelte,56,css,2a834a0e,pxliu,2025-03-19,18:24:59,-04:00,2025-03-19T18:24:59-04:00,0,39
src/lib/Pie.svelte,57,css,2a834a0e,pxliu,2025-03-19,18:24:59,-04:00,2025-03-19T18:24:59-04:00,0,12
src/lib/Pie.svelte,58,css,2a834a0e,pxliu,2025-03-19,18:24:59,-04:00,2025-03-19T18:24:59-04:00,0,0
src/lib/Pie.svelte,59,css,2a834a0e,pxliu,2025-03-19,18:24:59,-04:00,2025-03-19T18:24:59-04:00,0,0
src/lib/Pie.svelte,60,css,2a834a0e,pxliu,2025-03-19,18:24:59,-04:00,2025-03-19T18:24:59-04:00,0,10
src/lib/Pie.svelte,61,css,2a834a0e,pxliu,2025-03-19,18:24:59,-04:00,2025-03-19T18:24:59-04:00,0,36
src/lib/Pie.svelte,62,css,2a834a0e,pxliu,2025-03-19,18:24:59,-04:00,2025-03-19T18:24:59-04:00,0,0
src/lib/Pie.svelte,63,css,2a834a0e,pxliu,2025-03-19,18:24:59,-04:00,2025-03-19T18:24:59-04:00,0,11
src/lib/Pie.svelte,64,css,2a834a0e,pxliu,2025-03-19,18:24:59,-04:00,2025-03-19T18:24:59-04:00,0,29
src/lib/Pie.svelte,65,css,2a834a0e,pxliu,2025-03-19,18:24:59,-04:00,2025-03-19T18:24:59-04:00,0,0
src/lib/Pie.svelte,66,css,2a834a0e,pxliu,2025-03-19,18:24:59,-04:00,2025-03-19T18:24:59-04:00,0,0
src/lib/Pie.svelte,67,css,2a834a0e,pxliu,2025-03-19,18:24:59,-04:00,2025-03-19T18:24:59-04:00,0,9
src/lib/Pie.svelte,68,css,2a834a0e,pxliu,2025-03-19,18:24:59,-04:00,2025-03-19T18:24:59-04:00,0,19
src/lib/Pie.svelte,69,css,2a834a0e,pxliu,2025-03-19,18:24:59,-04:00,2025-03-19T18:24:59-04:00,0,0
src/lib/Pie.svelte,70,css,2a834a0e,pxliu,2025-03-19,18:24:59,-04:00,2025-03-19T18:24:59-04:00,0,0
src/lib/Pie.svelte,71,css,2a834a0e,pxliu,2025-03-19,18:24:59,-04:00,2025-03-19T18:24:59-04:00,0,0
src/lib/Pie.svelte,72,css,2a834a0e,pxliu,2025-03-19,18:24:59,-04:00,2025-03-19T18:24:59-04:00,0,5
src/lib/Pie.svelte,73,css,2a834a0e,pxliu,2025-03-19,18:24:59,-04:00,2025-03-19T18:24:59-04:00,0,17
src/lib/Pie.svelte,74,css,2a834a0e,pxliu,2025-03-19,18:24:59,-04:00,2025-03-19T18:24:59-04:00,0,0
src/lib/Pie.svelte,75,css,2a834a0e,pxliu,2025-03-19,18:24:59,-04:00,2025-03-19T18:24:59-04:00,0,11
src/lib/Pie.svelte,76,css,2a834a0e,pxliu,2025-03-19,18:24:59,-04:00,2025-03-19T18:24:59-04:00,0,24
src/lib/Pie.svelte,77,css,2a834a0e,pxliu,2025-03-19,18:24:59,-04:00,2025-03-19T18:24:59-04:00,0,0
src/lib/Pie.svelte,78,css,2a834a0e,pxliu,2025-03-19,18:24:59,-04:00,2025-03-19T18:24:59-04:00,0,0
src/lib/Pie.svelte,79,css,f54cf033,pxliu,2025-03-19,17:26:48,-04:00,2025-03-19T17:26:48-04:00,0,11
src/lib/Pie.svelte,80,css,f54cf033,pxliu,2025-03-19,17:26:48,-04:00,2025-03-19T17:26:48-04:00,0,21
src/lib/Pie.svelte,81,css,89ff9779,pxliu,2025-03-19,17:34:02,-04:00,2025-03-19T17:34:02-04:00,0,10
src/lib/Pie.svelte,82,css,89ff9779,pxliu,2025-03-19,17:34:02,-04:00,2025-03-19T17:34:02-04:00,0,11
src/lib/Pie.svelte,83,css,f54cf033,pxliu,2025-03-19,17:26:48,-04:00,2025-03-19T17:26:48-04:00,0,30
src/lib/Pie.svelte,84,css,89ff9779,pxliu,2025-03-19,17:34:02,-04:00,2025-03-19T17:34:02-04:00,0,0
src/lib/Pie.svelte,85,css,f54cf033,pxliu,2025-03-19,17:26:48,-04:00,2025-03-19T17:26:48-04:00,0,0
src/lib/Pie.svelte,86,css,b8d56372,pxliu,2025-03-19,17:42:15,-04:00,2025-03-19T17:42:15-04:00,0,9
src/lib/Pie.svelte,87,css,f54cf033,pxliu,2025-03-19,17:26:48,-04:00,2025-03-19T17:26:48-04:00,0,13
src/lib/Pie.svelte,88,css,f54cf033,pxliu,2025-03-19,17:26:48,-04:00,2025-03-19T17:26:48-04:00,0,58
src/lib/Pie.svelte,89,css,49395aad,pxliu,2025-03-19,17:36:42,-04:00,2025-03-19T17:36:42-04:00,0,23
src/lib/Pie.svelte,90,css,2173a94d,pxliu,2025-03-19,17:45:11,-04:00,2025-03-19T17:45:11-04:00,0,13
src/lib/Pie.svelte,91,css,2173a94d,pxliu,2025-03-19,17:45:11,-04:00,2025-03-19T17:45:11-04:00,0,12
src/lib/Pie.svelte,92,css,b8d56372,pxliu,2025-03-19,17:42:15,-04:00,2025-03-19T17:42:15-04:00,0,7
src/lib/Pie.svelte,93,css,6a1371d8,pxliu,2025-03-19,17:47:31,-04:00,2025-03-19T17:47:31-04:00,0,19
src/lib/Pie.svelte,94,css,6a1371d8,pxliu,2025-03-19,17:47:31,-04:00,2025-03-19T17:47:31-04:00,0,18
src/lib/Pie.svelte,95,css,f54cf033,pxliu,2025-03-19,17:26:48,-04:00,2025-03-19T17:26:48-04:00,0,0
src/lib/Pie.svelte,96,css,2a834a0e,pxliu,2025-03-19,18:24:59,-04:00,2025-03-19T18:24:59-04:00,0,0
src/lib/Pie.svelte,97,css,2a834a0e,pxliu,2025-03-19,18:24:59,-04:00,2025-03-19T18:24:59-04:00,0,36
src/lib/Pie.svelte,98,css,2a834a0e,pxliu,2025-03-19,18:24:59,-04:00,2025-03-19T18:24:59-04:00,0,11
src/lib/Pie.svelte,99,css,2a834a0e,pxliu,2025-03-19,18:24:59,-04:00,2025-03-19T18:24:59-04:00,0,0
src/lib/Pie.svelte,100,css,2a834a0e,pxliu,2025-03-19,18:24:59,-04:00,2025-03-19T18:24:59-04:00,0,0
src/lib/Pie.svelte,101,css,f54cf033,pxliu,2025-03-19,17:26:48,-04:00,2025-03-19T17:26:48-04:00,0,2
src/lib/Pie.svelte,102,css,f54cf033,pxliu,2025-03-19,17:26:48,-04:00,2025-03-19T17:26:48-04:00,0,13
src/lib/Pie.svelte,103,css,f54cf033,pxliu,2025-03-19,17:26:48,-04:00,2025-03-19T17:26:48-04:00,0,19
src/lib/Pie.svelte,104,css,33190b52,pxliu,2025-03-19,17:38:24,-04:00,2025-03-19T17:38:24-04:00,0,10
src/lib/Pie.svelte,105,css,f54cf033,pxliu,2025-03-19,17:26:48,-04:00,2025-03-19T17:26:48-04:00,0,0
src/lib/Pie.svelte,106,css,b8d56372,pxliu,2025-03-19,17:42:15,-04:00,2025-03-19T17:42:15-04:00,0,0
src/lib/Pie.svelte,107,css,b8d56372,pxliu,2025-03-19,17:42:15,-04:00,2025-03-19T17:42:15-04:00,0,10
src/lib/Pie.svelte,108,css,b8d56372,pxliu,2025-03-19,17:42:15,-04:00,2025-03-19T17:42:15-04:00,0,13
src/lib/Pie.svelte,109,css,c28f87b6,pxliu,2025-03-19,17:56:55,-04:00,2025-03-19T17:56:55-04:00,0,23
src/lib/Pie.svelte,110,css,c28f87b6,pxliu,2025-03-19,17:56:55,-04:00,2025-03-19T17:56:55-04:00,0,19
src/lib/Pie.svelte,111,css,b8d56372,pxliu,2025-03-19,17:42:15,-04:00,2025-03-19T17:42:15-04:00,0,0
src/lib/Pie.svelte,112,svelte,d48073fd,pxliu,2025-03-19,17:09:58,-04:00,2025-03-19T17:09:58-04:00,0,7
